start,end,position,line,text
00:00:00.741,00:00:01.108,-1,-1,"<11>世</c><6>界はなんて複雑なんですか</c>"
00:00:00.741,00:00:01.108,-1,0,"<11>せ</c><6>かいはなんてふくざつなんですか</c>"
00:00:01.108,00:00:01.375,-1,-1,"<11>世界</c><6>はなんて複雑なんですか</c>"
00:00:01.108,00:00:01.375,-1,0,"<11>せか</c><6>いはなんてふくざつなんですか</c>"
00:00:01.375,00:00:01.642,-1,-1,"<11>世界</c><6>はなんて複雑なんですか</c>"
00:00:01.375,00:00:01.642,-1,0,"<11>せかい</c><6>はなんてふくざつなんですか</c>"
00:00:01.642,00:00:01.909,-1,-1,"<11>世界は</c><6>なんて複雑なんですか</c>"
00:00:01.642,00:00:01.909,-1,0,"<11>せかいは</c><6>なんてふくざつなんですか</c>"
00:00:01.909,00:00:02.143,-1,-1,"<11>世界はな</c><6>んて複雑なんですか</c>"
00:00:01.909,00:00:02.143,-1,0,"<11>せかいはな</c><6>んてふくざつなんですか</c>"
00:00:02.143,00:00:02.476,-1,-1,"<11>世界はなん</c><6>て複雑なんですか</c>"
00:00:02.143,00:00:02.476,-1,0,"<11>せかいはなん</c><6>てふくざつなんですか</c>"
00:00:02.476,00:00:03.010,-1,-1,"<11>世界はなんて</c><6>複雑なんですか</c>"
00:00:02.476,00:00:03.010,-1,0,"<11>せかいはなんて</c><6>ふくざつなんですか</c>"
00:00:03.010,00:00:03.311,-1,-1,"<11>世界はなんて複</c><6>雑なんですか</c>"
00:00:03.010,00:00:03.311,-1,0,"<11>せかいはなんてふ</c><6>くざつなんですか</c>"
00:00:03.311,00:00:03.577,-1,-1,"<11>世界はなんて複</c><6>雑なんですか</c>"
00:00:03.311,00:00:03.577,-1,0,"<11>せかいはなんてふく</c><6>ざつなんですか</c>"
00:00:03.577,00:00:03.844,-1,-1,"<11>世界はなんて複雑</c><6>なんですか</c>"
00:00:03.577,00:00:03.844,-1,0,"<11>せかいはなんてふくざ</c><6>つなんですか</c>"
00:00:03.844,00:00:04.078,-1,-1,"<11>世界はなんて複雑</c><6>なんですか</c>"
00:00:03.844,00:00:04.078,-1,0,"<11>せかいはなんてふくざつ</c><6>なんですか</c>"
00:00:04.078,00:00:04.278,-1,-1,"<11>世界はなんて複雑な</c><6>んですか</c>"
00:00:04.078,00:00:04.278,-1,0,"<11>せかいはなんてふくざつな</c><6>んですか</c>"
00:00:04.278,00:00:04.378,-1,-1,"<11>世界はなんて複雑なん</c><6>ですか</c>"
00:00:04.278,00:00:04.378,-1,0,"<11>せかいはなんてふくざつなん</c><6>ですか</c>"
00:00:04.378,00:00:04.545,-1,-1,"<11>世界はなんて複雑なんで</c><6>すか</c>"
00:00:04.378,00:00:04.545,-1,0,"<11>せかいはなんてふくざつなんで</c><6>すか</c>"
00:00:04.545,00:00:04.645,-1,-1,"<11>世界はなんて複雑なんです</c><6>か</c>"
00:00:04.545,00:00:04.645,-1,0,"<11>せかいはなんてふくざつなんです</c><6>か</c>"
00:00:04.645,00:00:05.212,-1,-1,"<11>世界はなんて複雑なんですか</c>"
00:00:04.645,00:00:05.212,-1,0,"<11>せかいはなんてふくざつなんですか</c>"
00:00:05.212,00:00:05.479,-1,-1,"<11>秘</c><6>密の言葉教えてほしい</c>"
00:00:05.212,00:00:05.479,-1,0,"<11>ひ</c><6>みつのことばおしえてほしい</c>"
00:00:05.479,00:00:05.713,-1,-1,"<11>秘密</c><6>の言葉教えてほしい</c>"
00:00:05.479,00:00:05.713,-1,0,"<11>ひみ</c><6>つのことばおしえてほしい</c>"
00:00:05.713,00:00:06.013,-1,-1,"<11>秘密</c><6>の言葉教えてほしい</c>"
00:00:05.713,00:00:06.013,-1,0,"<11>ひみつ</c><6>のことばおしえてほしい</c>"
00:00:06.013,00:00:06.280,-1,-1,"<11>秘密の</c><6>言葉教えてほしい</c>"
00:00:06.013,00:00:06.280,-1,0,"<11>ひみつの</c><6>ことばおしえてほしい</c>"
00:00:06.280,00:00:06.580,-1,-1,"<11>秘密の言</c><6>葉教えてほしい</c>"
00:00:06.280,00:00:06.580,-1,0,"<11>ひみつのこ</c><6>とばおしえてほしい</c>"
00:00:06.580,00:00:06.847,-1,-1,"<11>秘密の言</c><6>葉教えてほしい</c>"
00:00:06.580,00:00:06.847,-1,0,"<11>ひみつのこと</c><6>ばおしえてほしい</c>"
00:00:06.847,00:00:07.081,-1,-1,"<11>秘密の言葉</c><6>教えてほしい</c>"
00:00:06.847,00:00:07.081,-1,0,"<11>ひみつのことば</c><6>おしえてほしい</c>"
00:00:07.081,00:00:07.281,-1,-1,"<11>秘密の言葉教</c><6>えてほしい</c>"
00:00:07.081,00:00:07.281,-1,0,"<11>ひみつのことばお</c><6>しえてほしい</c>"
00:00:07.281,00:00:07.381,-1,-1,"<11>秘密の言葉教</c><6>えてほしい</c>"
00:00:07.281,00:00:07.381,-1,0,"<11>ひみつのことばおし</c><6>えてほしい</c>"
00:00:07.381,00:00:07.648,-1,-1,"<11>秘密の言葉教え</c><6>てほしい</c>"
00:00:07.381,00:00:07.648,-1,0,"<11>ひみつのことばおしえ</c><6>てほしい</c>"
00:00:07.648,00:00:07.949,-1,-1,"<11>秘密の言葉教えて</c><6>ほしい</c>"
00:00:07.648,00:00:07.949,-1,0,"<11>ひみつのことばおしえて</c><6>ほしい</c>"
00:00:07.949,00:00:08.215,-1,-1,"<11>秘密の言葉教えてほ</c><6>しい</c>"
00:00:07.949,00:00:08.215,-1,0,"<11>ひみつのことばおしえてほ</c><6>しい</c>"
00:00:08.215,00:00:08.449,-1,-1,"<11>秘密の言葉教えてほし</c><6>い</c>"
00:00:08.215,00:00:08.449,-1,0,"<11>ひみつのことばおしえてほし</c><6>い</c>"
00:00:08.449,00:00:09.550,-1,-1,"<11>秘密の言葉教えてほしい</c>"
00:00:08.449,00:00:09.550,-1,0,"<11>ひみつのことばおしえてほしい</c>"
00:00:09.550,00:00:09.817,-1,-1,"<11>が</c><6>んばれ私！いつも以上に</c>"
00:00:09.550,00:00:09.817,-1,0,"<11>が</c><6>んばれわたし！いつもいじょうに</c>"
00:00:09.817,00:00:10.084,-1,-1,"<11>がん</c><6>ばれ私！いつも以上に</c>"
00:00:09.817,00:00:10.084,-1,0,"<11>がん</c><6>ばれわたし！いつもいじょうに</c>"
00:00:10.084,00:00:10.318,-1,-1,"<11>がんば</c><6>れ私！いつも以上に</c>"
00:00:10.084,00:00:10.318,-1,0,"<11>がんば</c><6>れわたし！いつもいじょうに</c>"
00:00:10.318,00:00:10.618,-1,-1,"<11>がんばれ</c><6>私！いつも以上に</c>"
00:00:10.318,00:00:10.618,-1,0,"<11>がんばれ</c><6>わたし！いつもいじょうに</c>"
00:00:10.618,00:00:11.719,-1,-1,"<11>がんばれ私！</c><6>いつも以上に</c>"
00:00:10.618,00:00:10.918,-1,0,"<11>がんばれわ</c><6>たし！いつもいじょうに</c>"
00:00:10.918,00:00:11.185,-1,0,"<11>がんばれわた</c><6>し！いつもいじょうに</c>"
00:00:11.185,00:00:11.719,-1,0,"<11>がんばれわたし！</c><6>いつもいじょうに</c>"
00:00:11.719,00:00:11.953,-1,-1,"<11>がんばれ私！い</c><6>つも以上に</c>"
00:00:11.719,00:00:11.953,-1,0,"<11>がんばれわたし！い</c><6>つもいじょうに</c>"
00:00:11.953,00:00:12.286,-1,-1,"<11>がんばれ私！いつ</c><6>も以上に</c>"
00:00:11.953,00:00:12.286,-1,0,"<11>がんばれわたし！いつ</c><6>もいじょうに</c>"
00:00:12.286,00:00:12.520,-1,-1,"<11>がんばれ私！いつも</c><6>以上に</c>"
00:00:12.286,00:00:12.520,-1,0,"<11>がんばれわたし！いつも</c><6>いじょうに</c>"
00:00:12.520,00:00:12.820,-1,-1,"<11>がんばれ私！いつも以</c><6>上に</c>"
00:00:12.520,00:00:12.820,-1,0,"<11>がんばれわたし！いつもい</c><6>じょうに</c>"
00:00:12.820,00:00:13.087,-1,-1,"<11>がんばれ私！いつも以上</c><6>に</c>"
00:00:12.820,00:00:13.087,-1,0,"<11>がんばれわたし！いつもいじょ</c><6>うに</c>"
00:00:13.087,00:00:13.387,-1,-1,"<11>がんばれ私！いつも以上</c><6>に</c>"
00:00:13.087,00:00:13.387,-1,0,"<11>がんばれわたし！いつもいじょう</c><6>に</c>"
00:00:13.387,00:00:13.921,-1,-1,"<11>がんばれ私！いつも以上に</c>"
00:00:13.387,00:00:13.921,-1,0,"<11>がんばれわたし！いつもいじょうに</c>"
00:00:13.921,00:00:14.221,-1,-1,"<11>今日</c><6>も明日も世界は回る</c>"
00:00:13.921,00:00:14.221,-1,0,"<11>きょ</c><6>うもあしたもせかいはまわる</c>"
00:00:14.221,00:00:14.488,-1,-1,"<11>今日</c><6>も明日も世界は回る</c>"
00:00:14.221,00:00:14.488,-1,0,"<11>きょう</c><6>もあしたもせかいはまわる</c>"
00:00:14.488,00:00:14.722,-1,-1,"<11>今日も</c><6>明日も世界は回る</c>"
00:00:14.488,00:00:14.722,-1,0,"<11>きょうも</c><6>あしたもせかいはまわる</c>"
00:00:14.722,00:00:14.989,-1,-1,"<11>今日も明日</c><6>も世界は回る</c>"
00:00:14.722,00:00:14.989,-1,0,"<11>きょうもあ</c><6>したもせかいはまわる</c>"
00:00:14.989,00:00:15.289,-1,-1,"<11>今日も明日</c><6>も世界は回る</c>"
00:00:14.989,00:00:15.289,-1,0,"<11>きょうもあし</c><6>たもせかいはまわる</c>"
00:00:15.289,00:00:15.556,-1,-1,"<11>今日も明日</c><6>も世界は回る</c>"
00:00:15.289,00:00:15.556,-1,0,"<11>きょうもあした</c><6>もせかいはまわる</c>"
00:00:15.556,00:00:15.756,-1,-1,"<11>今日も明日も</c><6>世界は回る</c>"
00:00:15.556,00:00:15.756,-1,0,"<11>きょうもあしたも</c><6>せかいはまわる</c>"
00:00:15.756,00:00:15.957,-1,-1,"<11>今日も明日も世</c><6>界は回る</c>"
00:00:15.756,00:00:15.957,-1,0,"<11>きょうもあしたもせ</c><6>かいはまわる</c>"
00:00:15.957,00:00:16.090,-1,-1,"<11>今日も明日も世界</c><6>は回る</c>"
00:00:15.957,00:00:16.090,-1,0,"<11>きょうもあしたもせか</c><6>いはまわる</c>"
00:00:16.090,00:00:16.357,-1,-1,"<11>今日も明日も世界</c><6>は回る</c>"
00:00:16.090,00:00:16.357,-1,0,"<11>きょうもあしたもせかい</c><6>はまわる</c>"
00:00:16.357,00:00:16.624,-1,-1,"<11>今日も明日も世界は</c><6>回る</c>"
00:00:16.357,00:00:16.624,-1,0,"<11>きょうもあしたもせかいは</c><6>まわる</c>"
00:00:16.624,00:00:16.891,-1,-1,"<11>今日も明日も世界は回</c><6>る</c>"
00:00:16.624,00:00:16.891,-1,0,"<11>きょうもあしたもせかいはま</c><6>わる</c>"
00:00:16.891,00:00:17.191,-1,-1,"<11>今日も明日も世界は回</c><6>る</c>"
00:00:16.891,00:00:17.191,-1,0,"<11>きょうもあしたもせかいはまわ</c><6>る</c>"
00:00:17.191,00:00:18.292,-1,-1,"<11>今日も明日も世界は回る</c>"
00:00:17.191,00:00:18.292,-1,0,"<11>きょうもあしたもせかいはまわる</c>"
00:00:18.292,00:00:20.461,-1,0,"<12>リンゼ・シルエスカ(福緒唯)-バブルラブ</c>"
00:00:20.461,00:00:22.662,-1,0,"<12>リンゼ・シルエスカ(福緒唯)-バブルラブ作詞・作曲:Junky</c>"
00:00:35.776,00:00:36.243,-1,-1,"<11>今日</c><6>もおんなじ日が来るなら</c>"
00:00:35.776,00:00:36.243,-1,0,"<11>きょ</c><6>うもおんなじひがくるなら</c>"
00:00:36.243,00:00:36.811,-1,-1,"<11>今日</c><6>もおんなじ日が来るなら</c>"
00:00:36.243,00:00:36.811,-1,0,"<11>きょう</c><6>もおんなじひがくるなら</c>"
00:00:36.811,00:00:37.645,-1,-1,"<11>今日も</c><6>おんなじ日が来るなら</c>"
00:00:36.811,00:00:37.645,-1,0,"<11>きょうも</c><6>おんなじひがくるなら</c>"
00:00:37.645,00:00:37.945,-1,-1,"<11>今日もおん</c><6>なじ日が来るなら</c>"
00:00:37.645,00:00:37.945,-1,0,"<11>きょうもおん</c><6>なじひがくるなら</c>"
00:00:37.945,00:00:38.179,-1,-1,"<11>今日もおんな</c><6>じ日が来るなら</c>"
00:00:37.945,00:00:38.179,-1,0,"<11>きょうもおんな</c><6>じひがくるなら</c>"
00:00:38.179,00:00:38.412,-1,-1,"<11>今日もおんなじ</c><6>日が来るなら</c>"
00:00:38.179,00:00:38.412,-1,0,"<11>きょうもおんなじ</c><6>ひがくるなら</c>"
00:00:38.412,00:00:38.713,-1,-1,"<11>今日もおんなじ日</c><6>が来るなら</c>"
00:00:38.412,00:00:38.713,-1,0,"<11>きょうもおんなじひ</c><6>がくるなら</c>"
00:00:38.713,00:00:39.547,-1,-1,"<11>今日もおんなじ日が</c><6>来るなら</c>"
00:00:38.713,00:00:39.547,-1,0,"<11>きょうもおんなじひが</c><6>くるなら</c>"
00:00:39.547,00:00:39.747,-1,-1,"<11>今日もおんなじ日が来</c><6>るなら</c>"
00:00:39.547,00:00:39.747,-1,0,"<11>きょうもおんなじひがく</c><6>るなら</c>"
00:00:39.747,00:00:39.814,-1,-1,"<11>今日もおんなじ日が来る</c><6>なら</c>"
00:00:39.747,00:00:39.814,-1,0,"<11>きょうもおんなじひがくる</c><6>なら</c>"
00:00:39.814,00:00:40.014,-1,-1,"<11>今日もおんなじ日が来るな</c><6>ら</c>"
00:00:39.814,00:00:40.014,-1,0,"<11>きょうもおんなじひがくるな</c><6>ら</c>"
00:00:40.014,00:00:40.114,-1,-1,"<11>今日もおんなじ日が来るなら</c>"
00:00:40.014,00:00:40.114,-1,0,"<11>きょうもおんなじひがくるなら</c>"
00:00:40.114,00:00:40.348,-1,-1,"<11>い</c><6>つも以上にしなくちゃ、</c>"
00:00:40.114,00:00:40.348,-1,0,"<11>い</c><6>つもいじょうにしなくちゃ、</c>"
00:00:40.348,00:00:40.648,-1,-1,"<11>いつ</c><6>も以上にしなくちゃ、</c>"
00:00:40.348,00:00:40.648,-1,0,"<11>いつ</c><6>もいじょうにしなくちゃ、</c>"
00:00:40.648,00:00:40.881,-1,-1,"<11>いつも</c><6>以上にしなくちゃ、</c>"
00:00:40.648,00:00:40.881,-1,0,"<11>いつも</c><6>いじょうにしなくちゃ、</c>"
00:00:40.881,00:00:41.148,-1,-1,"<11>いつも以</c><6>上にしなくちゃ、</c>"
00:00:40.881,00:00:41.148,-1,0,"<11>いつもい</c><6>じょうにしなくちゃ、</c>"
00:00:41.148,00:00:41.983,-1,-1,"<11>いつも以上</c><6>にしなくちゃ、</c>"
00:00:41.148,00:00:41.983,-1,0,"<11>いつもいじょう</c><6>にしなくちゃ、</c>"
00:00:41.983,00:00:42.283,-1,-1,"<11>いつも以上に</c><6>しなくちゃ、</c>"
00:00:41.983,00:00:42.283,-1,0,"<11>いつもいじょうに</c><6>しなくちゃ、</c>"
00:00:42.283,00:00:42.516,-1,-1,"<11>いつも以上にし</c><6>なくちゃ、</c>"
00:00:42.283,00:00:42.516,-1,0,"<11>いつもいじょうにし</c><6>なくちゃ、</c>"
00:00:42.516,00:00:42.783,-1,-1,"<11>いつも以上にしな</c><6>くちゃ、</c>"
00:00:42.516,00:00:42.783,-1,0,"<11>いつもいじょうにしな</c><6>くちゃ、</c>"
00:00:42.783,00:00:43.017,-1,-1,"<11>いつも以上にしなく</c><6>ちゃ、</c>"
00:00:42.783,00:00:43.017,-1,0,"<11>いつもいじょうにしなく</c><6>ちゃ、</c>"
00:00:43.017,00:00:43.651,-1,-1,"<11>いつも以上にしなくちゃ、</c>"
00:00:43.017,00:00:43.651,-1,0,"<11>いつもいじょうにしなくちゃ、</c>"
00:00:43.651,00:00:44.452,-1,-1,"<11>です</c>"
00:00:43.651,00:00:44.452,-1,0,"<11>です</c>"
00:00:44.452,00:00:44.719,-1,-1,"<11>会</c><6>話って、あぁ難しい</c>"
00:00:44.452,00:00:44.719,-1,0,"<11>か</c><6>いわって、あぁむずかしい</c>"
00:00:44.719,00:00:44.986,-1,-1,"<11>会</c><6>話って、あぁ難しい</c>"
00:00:44.719,00:00:44.986,-1,0,"<11>かい</c><6>わって、あぁむずかしい</c>"
00:00:44.986,00:00:45.486,-1,-1,"<11>会話</c><6>って、あぁ難しい</c>"
00:00:44.986,00:00:45.486,-1,0,"<11>かいわ</c><6>って、あぁむずかしい</c>"
00:00:45.486,00:00:46.320,-1,-1,"<11>会話って、</c><6>あぁ難しい</c>"
00:00:45.486,00:00:46.320,-1,0,"<11>かいわって、</c><6>あぁむずかしい</c>"
00:00:46.320,00:00:46.654,-1,-1,"<11>会話って、あぁ</c><6>難しい</c>"
00:00:46.320,00:00:46.654,-1,0,"<11>かいわって、あぁ</c><6>むずかしい</c>"
00:00:46.654,00:00:46.887,-1,-1,"<11>会話って、あぁ難</c><6>しい</c>"
00:00:46.654,00:00:46.887,-1,0,"<11>かいわって、あぁむ</c><6>ずかしい</c>"
00:00:46.887,00:00:47.154,-1,-1,"<11>会話って、あぁ難</c><6>しい</c>"
00:00:46.887,00:00:47.154,-1,0,"<11>かいわって、あぁむず</c><6>かしい</c>"
00:00:47.154,00:00:47.455,-1,-1,"<11>会話って、あぁ難</c><6>しい</c>"
00:00:47.154,00:00:47.455,-1,0,"<11>かいわって、あぁむずか</c><6>しい</c>"
00:00:47.455,00:00:48.255,-1,-1,"<11>会話って、あぁ難しい</c>"
00:00:47.455,00:00:48.255,-1,0,"<11>かいわって、あぁむずかしい</c>"
00:00:48.255,00:00:48.422,-1,-1,"<11>な</c><6>んでも伝わるのに不器用</c>"
00:00:48.255,00:00:48.422,-1,0,"<11>な</c><6>んでもつたわるのにぶきよう</c>"
00:00:48.422,00:00:48.556,-1,-1,"<11>なん</c><6>でも伝わるのに不器用</c>"
00:00:48.422,00:00:48.556,-1,0,"<11>なん</c><6>でもつたわるのにぶきよう</c>"
00:00:48.556,00:00:48.689,-1,-1,"<11>なんで</c><6>も伝わるのに不器用</c>"
00:00:48.556,00:00:48.689,-1,0,"<11>なんで</c><6>もつたわるのにぶきよう</c>"
00:00:48.689,00:00:48.789,-1,-1,"<11>なんでも</c><6>伝わるのに不器用</c>"
00:00:48.689,00:00:48.789,-1,0,"<11>なんでも</c><6>つたわるのにぶきよう</c>"
00:00:48.789,00:00:49.090,-1,-1,"<11>なんでも伝</c><6>わるのに不器用</c>"
00:00:48.789,00:00:49.090,-1,0,"<11>なんでもつ</c><6>たわるのにぶきよう</c>"
00:00:49.090,00:00:49.357,-1,-1,"<11>なんでも伝</c><6>わるのに不器用</c>"
00:00:49.090,00:00:49.357,-1,0,"<11>なんでもつた</c><6>わるのにぶきよう</c>"
00:00:49.357,00:00:49.623,-1,-1,"<11>なんでも伝わ</c><6>るのに不器用</c>"
00:00:49.357,00:00:49.623,-1,0,"<11>なんでもつたわ</c><6>るのにぶきよう</c>"
00:00:49.623,00:00:49.890,-1,-1,"<11>なんでも伝わる</c><6>のに不器用</c>"
00:00:49.623,00:00:49.890,-1,0,"<11>なんでもつたわる</c><6>のにぶきよう</c>"
00:00:49.890,00:00:50.725,-1,-1,"<11>なんでも伝わるの</c><6>に不器用</c>"
00:00:49.890,00:00:50.725,-1,0,"<11>なんでもつたわるの</c><6>にぶきよう</c>"
00:00:50.725,00:00:51.025,-1,-1,"<11>なんでも伝わるのに</c><6>不器用</c>"
00:00:50.725,00:00:51.025,-1,0,"<11>なんでもつたわるのに</c><6>ぶきよう</c>"
00:00:51.025,00:00:51.258,-1,-1,"<11>なんでも伝わるのに不</c><6>器用</c>"
00:00:51.025,00:00:51.258,-1,0,"<11>なんでもつたわるのにぶ</c><6>きよう</c>"
00:00:51.258,00:00:51.559,-1,-1,"<11>なんでも伝わるのに不器</c><6>用</c>"
00:00:51.258,00:00:51.559,-1,0,"<11>なんでもつたわるのにぶき</c><6>よう</c>"
00:00:51.559,00:00:52.358,-1,-1,"<11>なんでも伝わるのに不器用</c>"
00:00:51.559,00:00:51.826,-1,0,"<11>なんでもつたわるのにぶきよ</c><6>う</c>"
00:00:51.826,00:00:52.358,-1,0,"<11>なんでもつたわるのにぶきよう</c>"
00:00:53.194,00:00:53.461,-1,-1,"<16>何</c><6>度も何度もがんばるのに</c>"
00:00:53.194,00:00:53.461,-1,0,"<16>な</c><6>んどもなんどもがんばるのに</c>"
00:00:53.461,00:00:53.761,-1,-1,"<16>何</c><6>度も何度もがんばるのに</c>"
00:00:53.461,00:00:53.761,-1,0,"<16>なん</c><6>どもなんどもがんばるのに</c>"
00:00:53.761,00:00:53.995,-1,-1,"<16>何度</c><6>も何度もがんばるのに</c>"
00:00:53.761,00:00:53.995,-1,0,"<16>なんど</c><6>もなんどもがんばるのに</c>"
00:00:53.995,00:00:54.295,-1,-1,"<16>何度も</c><6>何度もがんばるのに</c>"
00:00:53.995,00:00:54.295,-1,0,"<16>なんども</c><6>なんどもがんばるのに</c>"
00:00:54.295,00:00:54.562,-1,-1,"<16>何度も何</c><6>度もがんばるのに</c>"
00:00:54.295,00:00:54.562,-1,0,"<16>なんどもな</c><6>んどもがんばるのに</c>"
00:00:54.562,00:00:54.829,-1,-1,"<16>何度も何</c><6>度もがんばるのに</c>"
00:00:54.562,00:00:54.829,-1,0,"<16>なんどもなん</c><6>どもがんばるのに</c>"
00:00:54.829,00:00:55.096,-1,-1,"<16>何度も何度</c><6>もがんばるのに</c>"
00:00:54.829,00:00:55.096,-1,0,"<16>なんどもなんど</c><6>もがんばるのに</c>"
00:00:55.096,00:00:55.363,-1,-1,"<16>何度も何度も</c><6>がんばるのに</c>"
00:00:55.096,00:00:55.363,-1,0,"<16>なんどもなんども</c><6>がんばるのに</c>"
00:00:55.363,00:00:55.529,-1,-1,"<16>何度も何度も</c><11>が</c><6>んばるのに</c>"
00:00:55.363,00:00:55.529,-1,0,"<16>なんどもなんども</c><11>が</c><6>んばるのに</c>"
00:00:55.529,00:00:55.663,-1,-1,"<16>何度も何度も</c><11>がん</c><6>ばるのに</c>"
00:00:55.529,00:00:55.663,-1,0,"<16>なんどもなんども</c><11>がん</c><6>ばるのに</c>"
00:00:55.663,00:00:55.796,-1,-1,"<16>何度も何度も</c><11>がんば</c><6>るのに</c>"
00:00:55.663,00:00:55.796,-1,0,"<16>なんどもなんども</c><11>がんば</c><6>るのに</c>"
00:00:55.796,00:00:55.930,-1,-1,"<16>何度も何度も</c><11>がんばる</c><6>のに</c>"
00:00:55.796,00:00:55.930,-1,0,"<16>なんどもなんども</c><11>がんばる</c><6>のに</c>"
00:00:55.930,00:00:56.197,-1,-1,"<16>何度も何度も</c><11>がんばるの</c><6>に</c>"
00:00:55.930,00:00:56.197,-1,0,"<16>なんどもなんども</c><11>がんばるの</c><6>に</c>"
00:00:56.197,00:00:56.729,-1,-1,"<16>何度も何度も</c><11>がんばるのに</c>"
00:00:56.197,00:00:56.729,-1,0,"<16>なんどもなんども</c><11>がんばるのに</c>"
00:00:57.531,00:00:57.832,-1,-1,"<16>出</c><6>来ないこともあるかもなんて</c>"
00:00:57.531,00:00:57.832,-1,0,"<16>で</c><6>きないこともあるかもなんて</c>"
00:00:57.832,00:00:58.099,-1,-1,"<16>出来</c><6>ないこともあるかもなんて</c>"
00:00:57.832,00:00:58.099,-1,0,"<16>でき</c><6>ないこともあるかもなんて</c>"
00:00:58.099,00:00:58.366,-1,-1,"<16>出来な</c><6>いこともあるかもなんて</c>"
00:00:58.099,00:00:58.366,-1,0,"<16>できな</c><6>いこともあるかもなんて</c>"
00:00:58.366,00:00:58.632,-1,-1,"<16>出来ない</c><6>こともあるかもなんて</c>"
00:00:58.366,00:00:58.632,-1,0,"<16>できない</c><6>こともあるかもなんて</c>"
00:00:58.632,00:00:58.899,-1,-1,"<16>出来ないこ</c><6>ともあるかもなんて</c>"
00:00:58.632,00:00:58.899,-1,0,"<16>できないこ</c><6>ともあるかもなんて</c>"
00:00:58.899,00:00:59.166,-1,-1,"<16>出来ないこと</c><6>もあるかもなんて</c>"
00:00:58.899,00:00:59.166,-1,0,"<16>できないこと</c><6>もあるかもなんて</c>"
00:00:59.166,00:00:59.734,-1,-1,"<16>出来ないことも</c><6>あるかもなんて</c>"
00:00:59.166,00:00:59.734,-1,0,"<16>できないことも</c><6>あるかもなんて</c>"
00:00:59.734,00:00:59.900,-1,-1,"<16>出来ないことも</c><8>あ</c><6>るかもなんて</c>"
00:00:59.734,00:00:59.900,-1,0,"<16>できないことも</c><8>あ</c><6>るかもなんて</c>"
00:00:59.900,00:01:00.001,-1,-1,"<16>出来ないことも</c><8>ある</c><6>かもなんて</c>"
00:00:59.900,00:01:00.001,-1,0,"<16>できないことも</c><8>ある</c><6>かもなんて</c>"
00:01:00.001,00:01:00.167,-1,-1,"<16>出来ないことも</c><8>あるか</c><6>もなんて</c>"
00:01:00.001,00:01:00.167,-1,0,"<16>できないことも</c><8>あるか</c><6>もなんて</c>"
00:01:00.167,00:01:00.267,-1,-1,"<16>出来ないことも</c><8>あるかも</c><6>なんて</c>"
00:01:00.167,00:01:00.267,-1,0,"<16>できないことも</c><8>あるかも</c><6>なんて</c>"
00:01:00.267,00:01:00.468,-1,-1,"<16>出来ないことも</c><8>あるかもな</c><6>んて</c>"
00:01:00.267,00:01:00.468,-1,0,"<16>できないことも</c><8>あるかもな</c><6>んて</c>"
00:01:00.468,00:01:00.568,-1,-1,"<16>出来ないことも</c><8>あるかもなん</c><6>て</c>"
00:01:00.468,00:01:00.568,-1,0,"<16>できないことも</c><8>あるかもなん</c><6>て</c>"
00:01:00.568,00:01:01.102,-1,-1,"<16>出来ないことも</c><8>あるかもなんて</c>"
00:01:00.568,00:01:01.102,-1,0,"<16>できないことも</c><8>あるかもなんて</c>"
00:01:01.102,00:01:01.369,-1,-1,"<2>そ</c><6>こで諦めなければいつかはきっと</c>"
00:01:01.102,00:01:01.369,-1,0,"<2>そ</c><6>こであきらめなければいつかはきっと</c>"
00:01:01.369,00:01:01.669,-1,-1,"<2>そこ</c><6>で諦めなければいつかはきっと</c>"
00:01:01.369,00:01:01.669,-1,0,"<2>そこ</c><6>であきらめなければいつかはきっと</c>"
00:01:01.669,00:01:01.902,-1,-1,"<2>そこで</c><6>諦めなければいつかはきっと</c>"
00:01:01.669,00:01:01.902,-1,0,"<2>そこで</c><6>あきらめなければいつかはきっと</c>"
00:01:01.902,00:01:02.203,-1,-1,"<2>そこで諦</c><6>めなければいつかはきっと</c>"
00:01:01.902,00:01:02.203,-1,0,"<2>そこであ</c><6>きらめなければいつかはきっと</c>"
00:01:02.203,00:01:02.470,-1,-1,"<2>そこで諦</c><6>めなければいつかはきっと</c>"
00:01:02.203,00:01:02.470,-1,0,"<2>そこであき</c><6>らめなければいつかはきっと</c>"
00:01:02.470,00:01:02.737,-1,-1,"<2>そこで諦</c><6>めなければいつかはきっと</c>"
00:01:02.470,00:01:02.737,-1,0,"<2>そこであきら</c><6>めなければいつかはきっと</c>"
00:01:02.737,00:01:03.004,-1,-1,"<2>そこで諦め</c><6>なければいつかはきっと</c>"
00:01:02.737,00:01:03.004,-1,0,"<2>そこであきらめ</c><6>なければいつかはきっと</c>"
00:01:03.004,00:01:03.270,-1,-1,"<2>そこで諦めな</c><6>ければいつかはきっと</c>"
00:01:03.004,00:01:03.270,-1,0,"<2>そこであきらめな</c><6>ければいつかはきっと</c>"
00:01:03.270,00:01:03.571,-1,-1,"<2>そこで諦めなけ</c><6>ればいつかはきっと</c>"
00:01:03.270,00:01:03.571,-1,0,"<2>そこであきらめなけ</c><6>ればいつかはきっと</c>"
00:01:03.571,00:01:03.838,-1,-1,"<2>そこで諦めなけれ</c><6>ばいつかはきっと</c>"
00:01:03.571,00:01:03.838,-1,0,"<2>そこであきらめなけれ</c><6>ばいつかはきっと</c>"
00:01:03.838,00:01:04.105,-1,-1,"<2>そこで諦めなければ</c><6>いつかはきっと</c>"
00:01:03.838,00:01:04.105,-1,0,"<2>そこであきらめなければ</c><6>いつかはきっと</c>"
00:01:04.105,00:01:04.271,-1,-1,"<2>そこで諦めなければい</c><6>つかはきっと</c>"
00:01:04.105,00:01:04.271,-1,0,"<2>そこであきらめなければい</c><6>つかはきっと</c>"
00:01:04.271,00:01:04.372,-1,-1,"<2>そこで諦めなければいつ</c><6>かはきっと</c>"
00:01:04.271,00:01:04.372,-1,0,"<2>そこであきらめなければいつ</c><6>かはきっと</c>"
00:01:04.372,00:01:04.538,-1,-1,"<2>そこで諦めなければいつか</c><6>はきっと</c>"
00:01:04.372,00:01:04.538,-1,0,"<2>そこであきらめなければいつか</c><6>はきっと</c>"
00:01:04.538,00:01:04.638,-1,-1,"<2>そこで諦めなければいつかは</c><6>きっと</c>"
00:01:04.538,00:01:04.638,-1,0,"<2>そこであきらめなければいつかは</c><6>きっと</c>"
00:01:04.638,00:01:04.905,-1,-1,"<2>そこで諦めなければいつかはきっ</c><6>と</c>"
00:01:04.638,00:01:04.905,-1,0,"<2>そこであきらめなければいつかはきっ</c><6>と</c>"
00:01:04.905,00:01:05.439,-1,-1,"<2>そこで諦めなければいつかはきっと</c>"
00:01:04.905,00:01:05.439,-1,0,"<2>そこであきらめなければいつかはきっと</c>"
00:01:05.439,00:01:05.706,-1,-1,"<11>君</c><6>まで届くから</c>"
00:01:05.439,00:01:05.706,-1,0,"<11>き</c><6>みまでとどくから</c>"
00:01:05.706,00:01:06.007,-1,-1,"<11>君</c><6>まで届くから</c>"
00:01:05.706,00:01:06.007,-1,0,"<11>きみ</c><6>までとどくから</c>"
00:01:06.007,00:01:06.273,-1,-1,"<11>君ま</c><6>で届くから</c>"
00:01:06.007,00:01:06.273,-1,0,"<11>きみま</c><6>でとどくから</c>"
00:01:06.273,00:01:07.074,-1,-1,"<11>君まで</c><6>届くから</c>"
00:01:06.273,00:01:07.074,-1,0,"<11>きみまで</c><6>とどくから</c>"
00:01:07.074,00:01:07.341,-1,-1,"<11>君まで届</c><6>くから</c>"
00:01:07.074,00:01:07.341,-1,0,"<11>きみまでと</c><6>どくから</c>"
00:01:07.341,00:01:07.641,-1,-1,"<11>君まで届</c><6>くから</c>"
00:01:07.341,00:01:07.641,-1,0,"<11>きみまでとど</c><6>くから</c>"
00:01:07.641,00:01:07.908,-1,-1,"<11>君まで届く</c><6>から</c>"
00:01:07.641,00:01:07.908,-1,0,"<11>きみまでとどく</c><6>から</c>"
00:01:07.908,00:01:08.175,-1,-1,"<11>君まで届くか</c><6>ら</c>"
00:01:07.908,00:01:08.175,-1,0,"<11>きみまでとどくか</c><6>ら</c>"
00:01:08.175,00:01:08.741,-1,-1,"<11>君まで届くから</c>"
00:01:08.175,00:01:08.741,-1,0,"<11>きみまでとどくから</c>"
00:01:10.077,00:01:10.277,-1,-1,"<1>文</c><6>字ならどうしても単純に</c>"
00:01:10.077,00:01:10.277,-1,0,"<1>も</c><6>じならどうしてもたんじゅんに</c>"
00:01:10.277,00:01:10.411,-1,-1,"<1>文字</c><6>ならどうしても単純に</c>"
00:01:10.277,00:01:10.411,-1,0,"<1>もじ</c><6>ならどうしてもたんじゅんに</c>"
00:01:10.411,00:01:10.544,-1,-1,"<1>文字な</c><6>らどうしても単純に</c>"
00:01:10.411,00:01:10.544,-1,0,"<1>もじな</c><6>らどうしてもたんじゅんに</c>"
00:01:10.544,00:01:10.644,-1,-1,"<1>文字なら</c><6>どうしても単純に</c>"
00:01:10.544,00:01:10.644,-1,0,"<1>もじなら</c><6>どうしてもたんじゅんに</c>"
00:01:10.644,00:01:10.878,-1,-1,"<1>文字ならど</c><6>うしても単純に</c>"
00:01:10.644,00:01:10.878,-1,0,"<1>もじならど</c><6>うしてもたんじゅんに</c>"
00:01:10.878,00:01:11.045,-1,-1,"<1>文字ならどう</c><6>しても単純に</c>"
00:01:10.878,00:01:11.045,-1,0,"<1>もじならどう</c><6>してもたんじゅんに</c>"
00:01:11.045,00:01:11.178,-1,-1,"<1>文字ならどうし</c><6>ても単純に</c>"
00:01:11.045,00:01:11.178,-1,0,"<1>もじならどうし</c><6>てもたんじゅんに</c>"
00:01:11.178,00:01:11.445,-1,-1,"<1>文字ならどうして</c><6>も単純に</c>"
00:01:11.178,00:01:11.445,-1,0,"<1>もじならどうして</c><6>もたんじゅんに</c>"
00:01:11.445,00:01:11.712,-1,-1,"<1>文字ならどうしても</c><6>単純に</c>"
00:01:11.445,00:01:11.712,-1,0,"<1>もじならどうしても</c><6>たんじゅんに</c>"
00:01:11.712,00:01:11.879,-1,-1,"<1>文字ならどうしても単</c><6>純に</c>"
00:01:11.712,00:01:11.879,-1,0,"<1>もじならどうしてもた</c><6>んじゅんに</c>"
00:01:11.879,00:01:11.979,-1,-1,"<1>文字ならどうしても単</c><6>純に</c>"
00:01:11.879,00:01:11.979,-1,0,"<1>もじならどうしてもたん</c><6>じゅんに</c>"
00:01:11.979,00:01:12.146,-1,-1,"<1>文字ならどうしても単純</c><6>に</c>"
00:01:11.979,00:01:12.146,-1,0,"<1>もじならどうしてもたんじゅ</c><6>んに</c>"
00:01:12.146,00:01:12.279,-1,-1,"<1>文字ならどうしても単純</c><6>に</c>"
00:01:12.146,00:01:12.279,-1,0,"<1>もじならどうしてもたんじゅん</c><6>に</c>"
00:01:12.279,00:01:12.813,-1,-1,"<1>文字ならどうしても単純に</c>"
00:01:12.279,00:01:12.813,-1,0,"<1>もじならどうしてもたんじゅんに</c>"
00:01:12.813,00:01:13.047,-1,-1,"<1>なっ</c><6>ちゃいそうな感情は</c>"
00:01:12.813,00:01:13.047,-1,0,"<1>なっ</c><6>ちゃいそうなかんじょうは</c>"
00:01:13.047,00:01:13.247,-1,-1,"<1>なっちゃ</c><6>いそうな感情は</c>"
00:01:13.047,00:01:13.247,-1,0,"<1>なっちゃ</c><6>いそうなかんじょうは</c>"
00:01:13.247,00:01:13.347,-1,-1,"<1>なっちゃい</c><6>そうな感情は</c>"
00:01:13.247,00:01:13.347,-1,0,"<1>なっちゃい</c><6>そうなかんじょうは</c>"
00:01:13.347,00:01:13.514,-1,-1,"<1>なっちゃいそ</c><6>うな感情は</c>"
00:01:13.347,00:01:13.514,-1,0,"<1>なっちゃいそ</c><6>うなかんじょうは</c>"
00:01:13.514,00:01:13.647,-1,-1,"<1>なっちゃいそう</c><6>な感情は</c>"
00:01:13.514,00:01:13.647,-1,0,"<1>なっちゃいそう</c><6>なかんじょうは</c>"
00:01:13.647,00:01:13.881,-1,-1,"<1>なっちゃいそうな</c><6>感情は</c>"
00:01:13.647,00:01:13.881,-1,0,"<1>なっちゃいそうな</c><6>かんじょうは</c>"
00:01:13.881,00:01:14.081,-1,-1,"<1>なっちゃいそうな感</c><6>情は</c>"
00:01:13.881,00:01:14.081,-1,0,"<1>なっちゃいそうなか</c><6>んじょうは</c>"
00:01:14.081,00:01:14.181,-1,-1,"<1>なっちゃいそうな感</c><6>情は</c>"
00:01:14.081,00:01:14.181,-1,0,"<1>なっちゃいそうなかん</c><6>じょうは</c>"
00:01:14.181,00:01:14.382,-1,-1,"<1>なっちゃいそうな感情</c><6>は</c>"
00:01:14.181,00:01:14.382,-1,0,"<1>なっちゃいそうなかんじょ</c><6>うは</c>"
00:01:14.382,00:01:14.448,-1,-1,"<1>なっちゃいそうな感情</c><6>は</c>"
00:01:14.382,00:01:14.448,-1,0,"<1>なっちゃいそうなかんじょう</c><6>は</c>"
00:01:14.448,00:01:14.982,-1,-1,"<1>なっちゃいそうな感情は</c>"
00:01:14.448,00:01:14.982,-1,0,"<1>なっちゃいそうなかんじょうは</c>"
00:01:14.982,00:01:15.249,-1,-1,"<11>内</c><6>緒の魔法唱えてほしい？</c>"
00:01:14.982,00:01:15.249,-1,0,"<11>な</c><6>いしょのまほうとなえてほしい？</c>"
00:01:15.249,00:01:15.549,-1,-1,"<11>内</c><6>緒の魔法唱えてほしい？</c>"
00:01:15.249,00:01:15.549,-1,0,"<11>ない</c><6>しょのまほうとなえてほしい？</c>"
00:01:15.549,00:01:15.816,-1,-1,"<11>内緒</c><6>の魔法唱えてほしい？</c>"
00:01:15.549,00:01:15.816,-1,0,"<11>ないしょ</c><6>のまほうとなえてほしい？</c>"
00:01:15.816,00:01:16.083,-1,-1,"<11>内緒の</c><6>魔法唱えてほしい？</c>"
00:01:15.816,00:01:16.083,-1,0,"<11>ないしょの</c><6>まほうとなえてほしい？</c>"
00:01:16.083,00:01:16.350,-1,-1,"<11>内緒の魔</c><6>法唱えてほしい？</c>"
00:01:16.083,00:01:16.350,-1,0,"<11>ないしょのま</c><6>ほうとなえてほしい？</c>"
00:01:16.350,00:01:16.617,-1,-1,"<11>内緒の魔法</c><6>唱えてほしい？</c>"
00:01:16.350,00:01:16.617,-1,0,"<11>ないしょのまほ</c><6>うとなえてほしい？</c>"
00:01:16.617,00:01:16.884,-1,-1,"<11>内緒の魔法</c><6>唱えてほしい？</c>"
00:01:16.617,00:01:16.884,-1,0,"<11>ないしょのまほう</c><6>となえてほしい？</c>"
00:01:16.884,00:01:17.051,-1,-1,"<11>内緒の魔法唱</c><6>えてほしい？</c>"
00:01:16.884,00:01:17.051,-1,0,"<11>ないしょのまほうと</c><6>なえてほしい？</c>"
00:01:17.051,00:01:17.151,-1,-1,"<11>内緒の魔法唱</c><6>えてほしい？</c>"
00:01:17.051,00:01:17.151,-1,0,"<11>ないしょのまほうとな</c><6>えてほしい？</c>"
00:01:17.151,00:01:17.451,-1,-1,"<11>内緒の魔法唱え</c><6>てほしい？</c>"
00:01:17.151,00:01:17.451,-1,0,"<11>ないしょのまほうとなえ</c><6>てほしい？</c>"
00:01:17.451,00:01:17.718,-1,-1,"<11>内緒の魔法唱えて</c><6>ほしい？</c>"
00:01:17.451,00:01:17.718,-1,0,"<11>ないしょのまほうとなえて</c><6>ほしい？</c>"
00:01:17.718,00:01:17.985,-1,-1,"<11>内緒の魔法唱えてほ</c><6>しい？</c>"
00:01:17.718,00:01:17.985,-1,0,"<11>ないしょのまほうとなえてほ</c><6>しい？</c>"
00:01:17.985,00:01:18.252,-1,-1,"<11>内緒の魔法唱えてほし</c><6>い？</c>"
00:01:17.985,00:01:18.252,-1,0,"<11>ないしょのまほうとなえてほし</c><6>い？</c>"
00:01:18.252,00:01:19.353,-1,-1,"<11>内緒の魔法唱えてほしい？</c>"
00:01:18.252,00:01:19.353,-1,0,"<11>ないしょのまほうとなえてほしい？</c>"
00:01:19.353,00:01:19.620,-1,-1,"<11>が</c><6>んばれ私！時には大胆に</c>"
00:01:19.353,00:01:19.620,-1,0,"<11>が</c><6>んばれわたし！ときにはだいたんに</c>"
00:01:19.620,00:01:19.887,-1,-1,"<11>がん</c><6>ばれ私！時には大胆に</c>"
00:01:19.620,00:01:19.887,-1,0,"<11>がん</c><6>ばれわたし！ときにはだいたんに</c>"
00:01:19.887,00:01:20.187,-1,-1,"<11>がんば</c><6>れ私！時には大胆に</c>"
00:01:19.887,00:01:20.187,-1,0,"<11>がんば</c><6>れわたし！ときにはだいたんに</c>"
00:01:20.187,00:01:20.454,-1,-1,"<11>がんばれ</c><6>私！時には大胆に</c>"
00:01:20.187,00:01:20.454,-1,0,"<11>がんばれ</c><6>わたし！ときにはだいたんに</c>"
00:01:20.454,00:01:21.522,-1,-1,"<11>がんばれ私！</c><6>時には大胆に</c>"
00:01:20.454,00:01:20.721,-1,0,"<11>がんばれわ</c><6>たし！ときにはだいたんに</c>"
00:01:20.721,00:01:20.921,-1,0,"<11>がんばれわた</c><6>し！ときにはだいたんに</c>"
00:01:20.921,00:01:21.522,-1,0,"<11>がんばれわたし！</c><6>ときにはだいたんに</c>"
00:01:21.522,00:01:21.822,-1,-1,"<11>がんばれ私！時</c><6>には大胆に</c>"
00:01:21.522,00:01:21.822,-1,0,"<11>がんばれわたし！と</c><6>きにはだいたんに</c>"
00:01:21.822,00:01:22.089,-1,-1,"<11>がんばれ私！時</c><6>には大胆に</c>"
00:01:21.822,00:01:22.089,-1,0,"<11>がんばれわたし！とき</c><6>にはだいたんに</c>"
00:01:22.089,00:01:22.356,-1,-1,"<11>がんばれ私！時に</c><6>は大胆に</c>"
00:01:22.089,00:01:22.356,-1,0,"<11>がんばれわたし！ときに</c><6>はだいたんに</c>"
00:01:22.356,00:01:22.623,-1,-1,"<11>がんばれ私！時には</c><6>大胆に</c>"
00:01:22.356,00:01:22.623,-1,0,"<11>がんばれわたし！ときには</c><6>だいたんに</c>"
00:01:22.623,00:01:22.823,-1,-1,"<11>がんばれ私！時には大</c><6>胆に</c>"
00:01:22.623,00:01:22.823,-1,0,"<11>がんばれわたし！ときにはだ</c><6>いたんに</c>"
00:01:22.823,00:01:22.890,-1,-1,"<11>がんばれ私！時には大</c><6>胆に</c>"
00:01:22.823,00:01:22.890,-1,0,"<11>がんばれわたし！ときにはだい</c><6>たんに</c>"
00:01:22.890,00:01:23.090,-1,-1,"<11>がんばれ私！時には大胆</c><6>に</c>"
00:01:22.890,00:01:23.090,-1,0,"<11>がんばれわたし！ときにはだいた</c><6>んに</c>"
00:01:23.090,00:01:23.190,-1,-1,"<11>がんばれ私！時には大胆</c><6>に</c>"
00:01:23.090,00:01:23.190,-1,0,"<11>がんばれわたし！ときにはだいたん</c><6>に</c>"
00:01:23.190,00:01:23.691,-1,-1,"<11>がんばれ私！時には大胆に</c>"
00:01:23.190,00:01:23.691,-1,0,"<11>がんばれわたし！ときにはだいたんに</c>"
00:01:23.691,00:01:23.991,-1,-1,"<11>今日</c><6>も隣で世界を歩く</c>"
00:01:23.691,00:01:23.991,-1,0,"<11>きょ</c><6>うもとなりでせかいをあるく</c>"
00:01:23.991,00:01:24.291,-1,-1,"<11>今日</c><6>も隣で世界を歩く</c>"
00:01:23.991,00:01:24.291,-1,0,"<11>きょう</c><6>もとなりでせかいをあるく</c>"
00:01:24.291,00:01:24.525,-1,-1,"<11>今日も</c><6>隣で世界を歩く</c>"
00:01:24.291,00:01:24.525,-1,0,"<11>きょうも</c><6>となりでせかいをあるく</c>"
00:01:24.525,00:01:24.792,-1,-1,"<11>今日も隣</c><6>で世界を歩く</c>"
00:01:24.525,00:01:24.792,-1,0,"<11>きょうもと</c><6>なりでせかいをあるく</c>"
00:01:24.792,00:01:25.092,-1,-1,"<11>今日も隣</c><6>で世界を歩く</c>"
00:01:24.792,00:01:25.092,-1,0,"<11>きょうもとな</c><6>りでせかいをあるく</c>"
00:01:25.092,00:01:25.359,-1,-1,"<11>今日も隣</c><6>で世界を歩く</c>"
00:01:25.092,00:01:25.359,-1,0,"<11>きょうもとなり</c><6>でせかいをあるく</c>"
00:01:25.359,00:01:25.559,-1,-1,"<11>今日も隣で</c><6>世界を歩く</c>"
00:01:25.359,00:01:25.559,-1,0,"<11>きょうもとなりで</c><6>せかいをあるく</c>"
00:01:25.559,00:01:25.760,-1,-1,"<11>今日も隣で世</c><6>界を歩く</c>"
00:01:25.559,00:01:25.760,-1,0,"<11>きょうもとなりでせ</c><6>かいをあるく</c>"
00:01:25.760,00:01:25.893,-1,-1,"<11>今日も隣で世界</c><6>を歩く</c>"
00:01:25.760,00:01:25.893,-1,0,"<11>きょうもとなりでせか</c><6>いをあるく</c>"
00:01:25.893,00:01:26.160,-1,-1,"<11>今日も隣で世界</c><6>を歩く</c>"
00:01:25.893,00:01:26.160,-1,0,"<11>きょうもとなりでせかい</c><6>をあるく</c>"
00:01:26.160,00:01:26.427,-1,-1,"<11>今日も隣で世界を</c><6>歩く</c>"
00:01:26.160,00:01:26.427,-1,0,"<11>きょうもとなりでせかいを</c><6>あるく</c>"
00:01:26.427,00:01:26.727,-1,-1,"<11>今日も隣で世界を歩</c><6>く</c>"
00:01:26.427,00:01:26.727,-1,0,"<11>きょうもとなりでせかいをあ</c><6>るく</c>"
00:01:26.727,00:01:26.994,-1,-1,"<11>今日も隣で世界を歩</c><6>く</c>"
00:01:26.727,00:01:26.994,-1,0,"<11>きょうもとなりでせかいをある</c><6>く</c>"
00:01:26.994,00:01:28.094,-1,-1,"<11>今日も隣で世界を歩く</c>"
00:01:26.994,00:01:28.094,-1,0,"<11>きょうもとなりでせかいをあるく</c>"
00:01:45.513,00:01:46.080,-1,-1,"<11>実</c><6>は怒ると怖かったり</c>"
00:01:45.513,00:01:46.080,-1,0,"<11>じ</c><6>つはおこるとこわかったり</c>"
00:01:46.080,00:01:46.614,-1,-1,"<11>実</c><6>は怒ると怖かったり</c>"
00:01:46.080,00:01:46.614,-1,0,"<11>じつ</c><6>はおこるとこわかったり</c>"
00:01:46.614,00:01:47.448,-1,-1,"<11>実は</c><6>怒ると怖かったり</c>"
00:01:46.614,00:01:47.448,-1,0,"<11>じつは</c><6>おこるとこわかったり</c>"
00:01:47.448,00:01:47.615,-1,-1,"<11>実は怒</c><6>ると怖かったり</c>"
00:01:47.448,00:01:47.615,-1,0,"<11>じつはお</c><6>こるとこわかったり</c>"
00:01:47.615,00:01:47.748,-1,-1,"<11>実は怒</c><6>ると怖かったり</c>"
00:01:47.615,00:01:47.748,-1,0,"<11>じつはおこ</c><6>るとこわかったり</c>"
00:01:47.748,00:01:47.982,-1,-1,"<11>実は怒る</c><6>と怖かったり</c>"
00:01:47.748,00:01:47.982,-1,0,"<11>じつはおこる</c><6>とこわかったり</c>"
00:01:47.982,00:01:48.282,-1,-1,"<11>実は怒ると</c><6>怖かったり</c>"
00:01:47.982,00:01:48.282,-1,0,"<11>じつはおこると</c><6>こわかったり</c>"
00:01:48.282,00:01:48.549,-1,-1,"<11>実は怒ると怖</c><6>かったり</c>"
00:01:48.282,00:01:48.549,-1,0,"<11>じつはおこるとこ</c><6>わかったり</c>"
00:01:48.549,00:01:49.350,-1,-1,"<11>実は怒ると怖</c><6>かったり</c>"
00:01:48.549,00:01:49.350,-1,0,"<11>じつはおこるとこわ</c><6>かったり</c>"
00:01:49.350,00:01:49.517,-1,-1,"<11>実は怒ると怖か</c><6>ったり</c>"
00:01:49.350,00:01:49.517,-1,0,"<11>じつはおこるとこわか</c><6>ったり</c>"
00:01:49.517,00:01:49.650,-1,-1,"<11>実は怒ると怖かっ</c><6>たり</c>"
00:01:49.517,00:01:49.650,-1,0,"<11>じつはおこるとこわかっ</c><6>たり</c>"
00:01:49.650,00:01:49.784,-1,-1,"<11>実は怒ると怖かった</c><6>り</c>"
00:01:49.650,00:01:49.784,-1,0,"<11>じつはおこるとこわかった</c><6>り</c>"
00:01:49.784,00:01:49.917,-1,-1,"<11>実は怒ると怖かったり</c>"
00:01:49.784,00:01:49.917,-1,0,"<11>じつはおこるとこわかったり</c>"
00:01:49.917,00:01:50.184,-1,-1,"<3>嫉</c><6>妬したりしちゃいます、</c>"
00:01:49.917,00:01:50.184,-1,0,"<3>しっ</c><6>としたりしちゃいます、</c>"
00:01:50.184,00:01:50.451,-1,-1,"<3>嫉妬</c><6>したりしちゃいます、</c>"
00:01:50.184,00:01:50.451,-1,0,"<3>しっと</c><6>したりしちゃいます、</c>"
00:01:50.451,00:01:50.718,-1,-1,"<3>嫉妬し</c><6>たりしちゃいます、</c>"
00:01:50.451,00:01:50.718,-1,0,"<3>しっとし</c><6>たりしちゃいます、</c>"
00:01:50.718,00:01:50.985,-1,-1,"<3>嫉妬した</c><6>りしちゃいます、</c>"
00:01:50.718,00:01:50.985,-1,0,"<3>しっとした</c><6>りしちゃいます、</c>"
00:01:50.985,00:01:51.786,-1,-1,"<3>嫉妬したり</c><6>しちゃいます、</c>"
00:01:50.985,00:01:51.786,-1,0,"<3>しっとしたり</c><6>しちゃいます、</c>"
00:01:51.786,00:01:52.086,-1,-1,"<3>嫉妬したりし</c><6>ちゃいます、</c>"
00:01:51.786,00:01:52.086,-1,0,"<3>しっとしたりし</c><6>ちゃいます、</c>"
00:01:52.086,00:01:52.386,-1,-1,"<3>嫉妬したりしちゃ</c><6>います、</c>"
00:01:52.086,00:01:52.386,-1,0,"<3>しっとしたりしちゃ</c><6>います、</c>"
00:01:52.386,00:01:52.620,-1,-1,"<3>嫉妬したりしちゃい</c><6>ます、</c>"
00:01:52.386,00:01:52.620,-1,0,"<3>しっとしたりしちゃい</c><6>ます、</c>"
00:01:52.620,00:01:52.920,-1,-1,"<3>嫉妬したりしちゃいま</c><6>す、</c>"
00:01:52.620,00:01:52.920,-1,0,"<3>しっとしたりしちゃいま</c><6>す、</c>"
00:01:52.920,00:01:53.421,-1,-1,"<3>嫉妬したりしちゃいます、</c>"
00:01:52.920,00:01:53.421,-1,0,"<3>しっとしたりしちゃいます、</c>"
00:01:53.421,00:01:54.288,-1,-1,"<3>はい</c>"
00:01:53.421,00:01:54.288,-1,0,"<3>はい</c>"
00:01:54.288,00:01:54.822,-1,-1,"<1>あぁ</c><6>いいなぁ甘い魔法</c>"
00:01:54.288,00:01:54.822,-1,0,"<1>あぁ</c><6>いいなぁあまいまほう</c>"
00:01:54.822,00:01:55.322,-1,-1,"<1>あぁいい</c><6>なぁ甘い魔法</c>"
00:01:54.822,00:01:55.322,-1,0,"<1>あぁいい</c><6>なぁあまいまほう</c>"
00:01:55.322,00:01:56.190,-1,-1,"<1>あぁいいなぁ</c><6>甘い魔法</c>"
00:01:55.322,00:01:56.190,-1,0,"<1>あぁいいなぁ</c><6>あまいまほう</c>"
00:01:56.190,00:01:56.357,-1,-1,"<1>あぁいいなぁ甘</c><6>い魔法</c>"
00:01:56.190,00:01:56.357,-1,0,"<1>あぁいいなぁあ</c><6>まいまほう</c>"
00:01:56.357,00:01:56.457,-1,-1,"<1>あぁいいなぁ甘</c><6>い魔法</c>"
00:01:56.357,00:01:56.457,-1,0,"<1>あぁいいなぁあま</c><6>いまほう</c>"
00:01:56.457,00:01:56.724,-1,-1,"<1>あぁいいなぁ甘い</c><6>魔法</c>"
00:01:56.457,00:01:56.724,-1,0,"<1>あぁいいなぁあまい</c><6>まほう</c>"
00:01:56.724,00:01:56.991,-1,-1,"<1>あぁいいなぁ甘い魔</c><6>法</c>"
00:01:56.724,00:01:56.991,-1,0,"<1>あぁいいなぁあまいま</c><6>ほう</c>"
00:01:56.991,00:01:58.092,-1,-1,"<1>あぁいいなぁ甘い魔法</c>"
00:01:56.991,00:01:57.258,-1,0,"<1>あぁいいなぁあまいまほ</c><6>う</c>"
00:01:57.258,00:01:58.092,-1,0,"<1>あぁいいなぁあまいまほう</c>"
00:01:58.092,00:01:58.292,-1,-1,"<1>み</c><6>た事もないようなアイスクリーム</c>"
00:01:58.092,00:01:58.292,-1,0,"<1>み</c><6>たこともないようなあいすくりーむ</c>"
00:01:58.292,00:01:58.392,-1,-1,"<1>みた</c><6>事もないようなアイスクリーム</c>"
00:01:58.292,00:01:58.392,-1,0,"<1>みた</c><6>こともないようなあいすくりーむ</c>"
00:01:58.392,00:01:58.559,-1,-1,"<1>みた事</c><6>もないようなアイスクリーム</c>"
00:01:58.392,00:01:58.559,-1,0,"<1>みたこ</c><6>ともないようなあいすくりーむ</c>"
00:01:58.559,00:01:58.659,-1,-1,"<1>みた事</c><6>もないようなアイスクリーム</c>"
00:01:58.559,00:01:58.659,-1,0,"<1>みたこと</c><6>もないようなあいすくりーむ</c>"
00:01:58.659,00:01:58.926,-1,-1,"<1>みた事も</c><6>ないようなアイスクリーム</c>"
00:01:58.659,00:01:58.926,-1,0,"<1>みたことも</c><6>ないようなあいすくりーむ</c>"
00:01:58.926,00:01:59.193,-1,-1,"<1>みた事もな</c><6>いようなアイスクリーム</c>"
00:01:58.926,00:01:59.193,-1,0,"<1>みたこともな</c><6>いようなあいすくりーむ</c>"
00:01:59.193,00:01:59.427,-1,-1,"<1>みた事もない</c><6>ようなアイスクリーム</c>"
00:01:59.193,00:01:59.427,-1,0,"<1>みたこともない</c><6>ようなあいすくりーむ</c>"
00:01:59.427,00:01:59.727,-1,-1,"<1>みた事もないよう</c><6>なアイスクリーム</c>"
00:01:59.427,00:01:59.727,-1,0,"<1>みたこともないよう</c><6>なあいすくりーむ</c>"
00:01:59.727,00:02:00.561,-1,-1,"<1>みた事もないような</c><6>アイスクリーム</c>"
00:01:59.727,00:02:00.561,-1,0,"<1>みたこともないような</c><6>あいすくりーむ</c>"
00:02:00.561,00:02:00.694,-1,-1,"<1>みた事もないようなア</c><6>イスクリーム</c>"
00:02:00.561,00:02:00.694,-1,0,"<1>みたこともないようなあ</c><6>いすくりーむ</c>"
00:02:00.694,00:02:00.828,-1,-1,"<1>みた事もないようなアイ</c><6>スクリーム</c>"
00:02:00.694,00:02:00.828,-1,0,"<1>みたこともないようなあい</c><6>すくりーむ</c>"
00:02:00.828,00:02:01.095,-1,-1,"<1>みた事もないようなアイス</c><6>クリーム</c>"
00:02:00.828,00:02:01.095,-1,0,"<1>みたこともないようなあいす</c><6>くりーむ</c>"
00:02:01.095,00:02:01.395,-1,-1,"<1>みた事もないようなアイスク</c><6>リーム</c>"
00:02:01.095,00:02:01.395,-1,0,"<1>みたこともないようなあいすく</c><6>りーむ</c>"
00:02:01.395,00:02:01.662,-1,-1,"<1>みた事もないようなアイスクリー</c><6>ム</c>"
00:02:01.395,00:02:01.662,-1,0,"<1>みたこともないようなあいすくりー</c><6>む</c>"
00:02:01.662,00:02:02.161,-1,-1,"<1>みた事もないようなアイスクリーム</c>"
00:02:01.662,00:02:02.161,-1,0,"<1>みたこともないようなあいすくりーむ</c>"
00:02:02.997,00:02:03.264,-1,-1,"<16>秘</c><6>めた想いは時々ドキドキ</c>"
00:02:02.997,00:02:03.264,-1,0,"<16>ひ</c><6>めたおもいはときどきどきどき</c>"
00:02:03.264,00:02:03.564,-1,-1,"<16>秘め</c><6>た想いは時々ドキドキ</c>"
00:02:03.264,00:02:03.564,-1,0,"<16>ひめ</c><6>たおもいはときどきどきどき</c>"
00:02:03.564,00:02:03.798,-1,-1,"<16>秘めた</c><6>想いは時々ドキドキ</c>"
00:02:03.564,00:02:03.798,-1,0,"<16>ひめた</c><6>おもいはときどきどきどき</c>"
00:02:03.798,00:02:04.098,-1,-1,"<16>秘めた想</c><6>いは時々ドキドキ</c>"
00:02:03.798,00:02:04.098,-1,0,"<16>ひめたお</c><6>もいはときどきどきどき</c>"
00:02:04.098,00:02:04.365,-1,-1,"<16>秘めた想</c><6>いは時々ドキドキ</c>"
00:02:04.098,00:02:04.365,-1,0,"<16>ひめたおも</c><6>いはときどきどきどき</c>"
00:02:04.365,00:02:04.565,-1,-1,"<16>秘めた想い</c><6>は時々ドキドキ</c>"
00:02:04.365,00:02:04.565,-1,0,"<16>ひめたおもい</c><6>はときどきどきどき</c>"
00:02:04.565,00:02:05.199,-1,-1,"<16>秘めた想いは</c><6>時々ドキドキ</c>"
00:02:04.565,00:02:05.199,-1,0,"<16>ひめたおもいは</c><6>ときどきどきどき</c>"
00:02:05.199,00:02:05.366,-1,-1,"<16>秘めた想いは</c><13>時</c><6>々ドキドキ</c>"
00:02:05.199,00:02:05.366,-1,0,"<16>ひめたおもいは</c><13>と</c><6>きどきどきどき</c>"
00:02:05.366,00:02:05.466,-1,-1,"<16>秘めた想いは</c><13>時</c><6>々ドキドキ</c>"
00:02:05.366,00:02:05.466,-1,0,"<16>ひめたおもいは</c><13>とき</c><6>どきどきどき</c>"
00:02:05.466,00:02:05.633,-1,-1,"<16>秘めた想いは</c><13>時々</c><6>ドキドキ</c>"
00:02:05.466,00:02:05.633,-1,0,"<16>ひめたおもいは</c><13>ときど</c><6>きどきどき</c>"
00:02:05.633,00:02:05.733,-1,-1,"<16>秘めた想いは</c><13>時々</c><6>ドキドキ</c>"
00:02:05.633,00:02:05.733,-1,0,"<16>ひめたおもいは</c><13>ときどき</c><6>どきどき</c>"
00:02:05.733,00:02:05.933,-1,-1,"<16>秘めた想いは</c><13>時々ド</c><6>キドキ</c>"
00:02:05.733,00:02:05.933,-1,0,"<16>ひめたおもいは</c><13>ときどきど</c><6>きどき</c>"
00:02:05.933,00:02:06.000,-1,-1,"<16>秘めた想いは</c><13>時々ドキ</c><6>ドキ</c>"
00:02:05.933,00:02:06.000,-1,0,"<16>ひめたおもいは</c><13>ときどきどき</c><6>どき</c>"
00:02:06.000,00:02:06.167,-1,-1,"<16>秘めた想いは</c><13>時々ドキド</c><6>キ</c>"
00:02:06.000,00:02:06.167,-1,0,"<16>ひめたおもいは</c><13>ときどきどきど</c><6>き</c>"
00:02:06.167,00:02:06.299,-1,-1,"<16>秘めた想いは</c><13>時々ドキドキ</c>"
00:02:06.167,00:02:06.299,-1,0,"<16>ひめたおもいは</c><13>ときどきどきどき</c>"
00:02:07.368,00:02:07.635,-1,-1,"<16>溢</c><6>れた言葉に真っ赤になって</c>"
00:02:07.368,00:02:07.635,-1,0,"<16>あ</c><6>ふれたことばにまっかになって</c>"
00:02:07.635,00:02:07.902,-1,-1,"<16>溢</c><6>れた言葉に真っ赤になって</c>"
00:02:07.635,00:02:07.902,-1,0,"<16>あふ</c><6>れたことばにまっかになって</c>"
00:02:07.902,00:02:08.169,-1,-1,"<16>溢れ</c><6>た言葉に真っ赤になって</c>"
00:02:07.902,00:02:08.169,-1,0,"<16>あふれ</c><6>たことばにまっかになって</c>"
00:02:08.169,00:02:08.436,-1,-1,"<16>溢れた</c><6>言葉に真っ赤になって</c>"
00:02:08.169,00:02:08.436,-1,0,"<16>あふれた</c><6>ことばにまっかになって</c>"
00:02:08.436,00:02:08.702,-1,-1,"<16>溢れた言</c><6>葉に真っ赤になって</c>"
00:02:08.436,00:02:08.702,-1,0,"<16>あふれたこ</c><6>とばにまっかになって</c>"
00:02:08.702,00:02:08.869,-1,-1,"<16>溢れた言</c><6>葉に真っ赤になって</c>"
00:02:08.702,00:02:08.869,-1,0,"<16>あふれたこと</c><6>ばにまっかになって</c>"
00:02:08.869,00:02:09.270,-1,-1,"<16>溢れた言葉</c><6>に真っ赤になって</c>"
00:02:08.869,00:02:09.270,-1,0,"<16>あふれたことば</c><6>にまっかになって</c>"
00:02:09.270,00:02:09.537,-1,-1,"<16>溢れた言葉に</c><6>真っ赤になって</c>"
00:02:09.270,00:02:09.537,-1,0,"<16>あふれたことばに</c><6>まっかになって</c>"
00:02:09.537,00:02:09.804,-1,-1,"<16>溢れた言葉に</c><7>真っ</c><6>赤になって</c>"
00:02:09.537,00:02:09.804,-1,0,"<16>あふれたことばに</c><7>まっ</c><6>かになって</c>"
00:02:09.804,00:02:09.970,-1,-1,"<16>溢れた言葉に</c><7>真っ赤</c><6>になって</c>"
00:02:09.804,00:02:09.970,-1,0,"<16>あふれたことばに</c><7>まっか</c><6>になって</c>"
00:02:09.970,00:02:10.104,-1,-1,"<16>溢れた言葉に</c><7>真っ赤に</c><6>なって</c>"
00:02:09.970,00:02:10.104,-1,0,"<16>あふれたことばに</c><7>まっかに</c><6>なって</c>"
00:02:10.104,00:02:10.371,-1,-1,"<16>溢れた言葉に</c><7>真っ赤になっ</c><6>て</c>"
00:02:10.104,00:02:10.371,-1,0,"<16>あふれたことばに</c><7>まっかになっ</c><6>て</c>"
00:02:10.371,00:02:10.938,-1,-1,"<16>溢れた言葉に</c><7>真っ赤になって</c>"
00:02:10.371,00:02:10.938,-1,0,"<16>あふれたことばに</c><7>まっかになって</c>"
00:02:10.938,00:02:11.205,-1,-1,"<4>皆</c><6>がいいとか上手く言えないけど</c>"
00:02:10.938,00:02:11.205,-1,0,"<4>み</c><6>んながいいとかうまくいえないけど</c>"
00:02:11.205,00:02:11.472,-1,-1,"<4>皆</c><6>がいいとか上手く言えないけど</c>"
00:02:11.205,00:02:11.472,-1,0,"<4>みん</c><6>ながいいとかうまくいえないけど</c>"
00:02:11.472,00:02:11.739,-1,-1,"<4>皆</c><6>がいいとか上手く言えないけど</c>"
00:02:11.472,00:02:11.739,-1,0,"<4>みんな</c><6>がいいとかうまくいえないけど</c>"
00:02:11.739,00:02:12.006,-1,-1,"<4>皆が</c><6>いいとか上手く言えないけど</c>"
00:02:11.739,00:02:12.006,-1,0,"<4>みんなが</c><6>いいとかうまくいえないけど</c>"
00:02:12.006,00:02:12.306,-1,-1,"<4>皆がい</c><6>いとか上手く言えないけど</c>"
00:02:12.006,00:02:12.306,-1,0,"<4>みんながい</c><6>いとかうまくいえないけど</c>"
00:02:12.306,00:02:12.573,-1,-1,"<4>皆がいい</c><6>とか上手く言えないけど</c>"
00:02:12.306,00:02:12.573,-1,0,"<4>みんながいい</c><6>とかうまくいえないけど</c>"
00:02:12.573,00:02:12.706,-1,-1,"<4>皆がいいと</c><6>か上手く言えないけど</c>"
00:02:12.573,00:02:12.706,-1,0,"<4>みんながいいと</c><6>かうまくいえないけど</c>"
00:02:12.706,00:02:12.840,-1,-1,"<4>皆がいいとか</c><6>上手く言えないけど</c>"
00:02:12.706,00:02:12.840,-1,0,"<4>みんながいいとか</c><6>うまくいえないけど</c>"
00:02:12.840,00:02:13.107,-1,-1,"<4>皆がいいとか上</c><6>手く言えないけど</c>"
00:02:12.840,00:02:13.107,-1,0,"<4>みんながいいとかう</c><6>まくいえないけど</c>"
00:02:13.107,00:02:13.307,-1,-1,"<4>皆がいいとか上手</c><6>く言えないけど</c>"
00:02:13.107,00:02:13.307,-1,0,"<4>みんながいいとかうま</c><6>くいえないけど</c>"
00:02:13.307,00:02:13.941,-1,-1,"<4>皆がいいとか上手く</c><6>言えないけど</c>"
00:02:13.307,00:02:13.941,-1,0,"<4>みんながいいとかうまく</c><6>いえないけど</c>"
00:02:13.941,00:02:14.075,-1,-1,"<4>皆がいいとか上手く言</c><6>えないけど</c>"
00:02:13.941,00:02:14.075,-1,0,"<4>みんながいいとかうまくい</c><6>えないけど</c>"
00:02:14.075,00:02:14.208,-1,-1,"<4>皆がいいとか上手く言え</c><6>ないけど</c>"
00:02:14.075,00:02:14.208,-1,0,"<4>みんながいいとかうまくいえ</c><6>ないけど</c>"
00:02:14.208,00:02:14.375,-1,-1,"<4>皆がいいとか上手く言えな</c><6>いけど</c>"
00:02:14.208,00:02:14.375,-1,0,"<4>みんながいいとかうまくいえな</c><6>いけど</c>"
00:02:14.375,00:02:14.475,-1,-1,"<4>皆がいいとか上手く言えない</c><6>けど</c>"
00:02:14.375,00:02:14.475,-1,0,"<4>みんながいいとかうまくいえない</c><6>けど</c>"
00:02:14.475,00:02:14.742,-1,-1,"<4>皆がいいとか上手く言えないけ</c><6>ど</c>"
00:02:14.475,00:02:14.742,-1,0,"<4>みんながいいとかうまくいえないけ</c><6>ど</c>"
00:02:14.742,00:02:15.276,-1,-1,"<4>皆がいいとか上手く言えないけど</c>"
00:02:14.742,00:02:15.276,-1,0,"<4>みんながいいとかうまくいえないけど</c>"
00:02:15.276,00:02:15.576,-1,-1,"<13>そ</c><6>れでも一緒がいいな</c>"
00:02:15.276,00:02:15.576,-1,0,"<13>そ</c><6>れでもいっしょがいいな</c>"
00:02:15.576,00:02:15.843,-1,-1,"<13>それ</c><6>でも一緒がいいな</c>"
00:02:15.576,00:02:15.843,-1,0,"<13>それ</c><6>でもいっしょがいいな</c>"
00:02:15.843,00:02:16.110,-1,-1,"<13>それで</c><6>も一緒がいいな</c>"
00:02:15.843,00:02:16.110,-1,0,"<13>それで</c><6>もいっしょがいいな</c>"
00:02:16.110,00:02:16.944,-1,-1,"<13>それでも</c><6>一緒がいいな</c>"
00:02:16.110,00:02:16.944,-1,0,"<13>それでも</c><6>いっしょがいいな</c>"
00:02:16.944,00:02:17.178,-1,-1,"<13>それでも一</c><6>緒がいいな</c>"
00:02:16.944,00:02:17.178,-1,0,"<13>それでもいっ</c><6>しょがいいな</c>"
00:02:17.178,00:02:17.478,-1,-1,"<13>それでも一緒</c><6>がいいな</c>"
00:02:17.178,00:02:17.478,-1,0,"<13>それでもいっしょ</c><6>がいいな</c>"
00:02:17.478,00:02:17.745,-1,-1,"<13>それでも一緒が</c><6>いいな</c>"
00:02:17.478,00:02:17.745,-1,0,"<13>それでもいっしょが</c><6>いいな</c>"
00:02:17.745,00:02:17.945,-1,-1,"<13>それでも一緒がい</c><6>いな</c>"
00:02:17.745,00:02:17.945,-1,0,"<13>それでもいっしょがい</c><6>いな</c>"
00:02:17.945,00:02:18.012,-1,-1,"<13>それでも一緒がいい</c><6>な</c>"
00:02:17.945,00:02:18.012,-1,0,"<13>それでもいっしょがいい</c><6>な</c>"
00:02:18.012,00:02:18.544,-1,-1,"<13>それでも一緒がいいな</c>"
00:02:18.012,00:02:18.544,-1,0,"<13>それでもいっしょがいいな</c>"
00:02:19.914,00:02:20.047,-1,-1,"<1>言</c><6>葉はなんでこんなに困難で</c>"
00:02:19.914,00:02:20.047,-1,0,"<1>こ</c><6>とばはなんでこんなにこんなんで</c>"
00:02:20.047,00:02:20.181,-1,-1,"<1>言</c><6>葉はなんでこんなに困難で</c>"
00:02:20.047,00:02:20.181,-1,0,"<1>こと</c><6>ばはなんでこんなにこんなんで</c>"
00:02:20.181,00:02:20.347,-1,-1,"<1>言葉</c><6>はなんでこんなに困難で</c>"
00:02:20.181,00:02:20.347,-1,0,"<1>ことば</c><6>はなんでこんなにこんなんで</c>"
00:02:20.347,00:02:20.448,-1,-1,"<1>言葉は</c><6>なんでこんなに困難で</c>"
00:02:20.347,00:02:20.448,-1,0,"<1>ことばは</c><6>なんでこんなにこんなんで</c>"
00:02:20.448,00:02:20.648,-1,-1,"<1>言葉はな</c><6>んでこんなに困難で</c>"
00:02:20.448,00:02:20.648,-1,0,"<1>ことばはな</c><6>んでこんなにこんなんで</c>"
00:02:20.648,00:02:20.714,-1,-1,"<1>言葉はなん</c><6>でこんなに困難で</c>"
00:02:20.648,00:02:20.714,-1,0,"<1>ことばはなん</c><6>でこんなにこんなんで</c>"
00:02:20.714,00:02:21.015,-1,-1,"<1>言葉はなんで</c><6>こんなに困難で</c>"
00:02:20.714,00:02:21.015,-1,0,"<1>ことばはなんで</c><6>こんなにこんなんで</c>"
00:02:21.015,00:02:21.182,-1,-1,"<1>言葉はなんでこ</c><6>んなに困難で</c>"
00:02:21.015,00:02:21.182,-1,0,"<1>ことばはなんでこ</c><6>んなにこんなんで</c>"
00:02:21.182,00:02:21.282,-1,-1,"<1>言葉はなんでこん</c><6>なに困難で</c>"
00:02:21.182,00:02:21.282,-1,0,"<1>ことばはなんでこん</c><6>なにこんなんで</c>"
00:02:21.282,00:02:21.449,-1,-1,"<1>言葉はなんでこんな</c><6>に困難で</c>"
00:02:21.282,00:02:21.449,-1,0,"<1>ことばはなんでこんな</c><6>にこんなんで</c>"
00:02:21.449,00:02:21.549,-1,-1,"<1>言葉はなんでこんなに</c><6>困難で</c>"
00:02:21.449,00:02:21.549,-1,0,"<1>ことばはなんでこんなに</c><6>こんなんで</c>"
00:02:21.549,00:02:21.715,-1,-1,"<1>言葉はなんでこんなに困</c><6>難で</c>"
00:02:21.549,00:02:21.715,-1,0,"<1>ことばはなんでこんなにこ</c><6>んなんで</c>"
00:02:21.715,00:02:21.849,-1,-1,"<1>言葉はなんでこんなに困</c><6>難で</c>"
00:02:21.715,00:02:21.849,-1,0,"<1>ことばはなんでこんなにこん</c><6>なんで</c>"
00:02:21.849,00:02:21.982,-1,-1,"<1>言葉はなんでこんなに困難</c><6>で</c>"
00:02:21.849,00:02:21.982,-1,0,"<1>ことばはなんでこんなにこんな</c><6>んで</c>"
00:02:21.982,00:02:22.083,-1,-1,"<1>言葉はなんでこんなに困難</c><6>で</c>"
00:02:21.982,00:02:22.083,-1,0,"<1>ことばはなんでこんなにこんなん</c><6>で</c>"
00:02:22.083,00:02:22.650,-1,-1,"<1>言葉はなんでこんなに困難で</c>"
00:02:22.083,00:02:22.650,-1,0,"<1>ことばはなんでこんなにこんなんで</c>"
00:02:22.650,00:02:22.917,-1,-1,"<1>複</c><6>雑なんですか</c>"
00:02:22.650,00:02:22.917,-1,0,"<1>ふ</c><6>くざつなんですか</c>"
00:02:22.917,00:02:23.184,-1,-1,"<1>複</c><6>雑なんですか</c>"
00:02:22.917,00:02:23.184,-1,0,"<1>ふく</c><6>ざつなんですか</c>"
00:02:23.184,00:02:23.451,-1,-1,"<1>複雑</c><6>なんですか</c>"
00:02:23.184,00:02:23.451,-1,0,"<1>ふくざ</c><6>つなんですか</c>"
00:02:23.451,00:02:23.717,-1,-1,"<1>複雑</c><6>なんですか</c>"
00:02:23.451,00:02:23.717,-1,0,"<1>ふくざつ</c><6>なんですか</c>"
00:02:23.717,00:02:23.918,-1,-1,"<1>複雑な</c><6>んですか</c>"
00:02:23.717,00:02:23.918,-1,0,"<1>ふくざつな</c><6>んですか</c>"
00:02:23.918,00:02:24.018,-1,-1,"<1>複雑なん</c><6>ですか</c>"
00:02:23.918,00:02:24.018,-1,0,"<1>ふくざつなん</c><6>ですか</c>"
00:02:24.018,00:02:24.185,-1,-1,"<1>複雑なんで</c><6>すか</c>"
00:02:24.018,00:02:24.185,-1,0,"<1>ふくざつなんで</c><6>すか</c>"
00:02:24.185,00:02:24.285,-1,-1,"<1>複雑なんです</c><6>か</c>"
00:02:24.185,00:02:24.285,-1,0,"<1>ふくざつなんです</c><6>か</c>"
00:02:24.285,00:02:24.819,-1,-1,"<1>複雑なんですか</c>"
00:02:24.285,00:02:24.819,-1,0,"<1>ふくざつなんですか</c>"
00:02:24.819,00:02:25.119,-1,-1,"<9>秘</c><6>密の言葉教えてほしい</c>"
00:02:24.819,00:02:25.119,-1,0,"<9>ひ</c><6>みつのことばおしえてほしい</c>"
00:02:25.119,00:02:25.352,-1,-1,"<9>秘密</c><6>の言葉教えてほしい</c>"
00:02:25.119,00:02:25.352,-1,0,"<9>ひみ</c><6>つのことばおしえてほしい</c>"
00:02:25.352,00:02:25.619,-1,-1,"<9>秘密</c><6>の言葉教えてほしい</c>"
00:02:25.352,00:02:25.619,-1,0,"<9>ひみつ</c><6>のことばおしえてほしい</c>"
00:02:25.619,00:02:25.920,-1,-1,"<9>秘密の</c><6>言葉教えてほしい</c>"
00:02:25.619,00:02:25.920,-1,0,"<9>ひみつの</c><6>ことばおしえてほしい</c>"
00:02:25.920,00:02:26.187,-1,-1,"<9>秘密の言</c><6>葉教えてほしい</c>"
00:02:25.920,00:02:26.187,-1,0,"<9>ひみつのこ</c><6>とばおしえてほしい</c>"
00:02:26.187,00:02:26.454,-1,-1,"<9>秘密の言</c><6>葉教えてほしい</c>"
00:02:26.187,00:02:26.454,-1,0,"<9>ひみつのこと</c><6>ばおしえてほしい</c>"
00:02:26.454,00:02:26.720,-1,-1,"<9>秘密の言葉</c><6>教えてほしい</c>"
00:02:26.454,00:02:26.720,-1,0,"<9>ひみつのことば</c><6>おしえてほしい</c>"
00:02:26.720,00:02:26.887,-1,-1,"<9>秘密の言葉教</c><6>えてほしい</c>"
00:02:26.720,00:02:26.887,-1,0,"<9>ひみつのことばお</c><6>しえてほしい</c>"
00:02:26.887,00:02:27.021,-1,-1,"<9>秘密の言葉教</c><6>えてほしい</c>"
00:02:26.887,00:02:27.021,-1,0,"<9>ひみつのことばおし</c><6>えてほしい</c>"
00:02:27.021,00:02:27.254,-1,-1,"<9>秘密の言葉教え</c><6>てほしい</c>"
00:02:27.021,00:02:27.254,-1,0,"<9>ひみつのことばおしえ</c><6>てほしい</c>"
00:02:27.254,00:02:27.555,-1,-1,"<9>秘密の言葉教えて</c><6>ほしい</c>"
00:02:27.254,00:02:27.555,-1,0,"<9>ひみつのことばおしえて</c><6>ほしい</c>"
00:02:27.555,00:02:27.822,-1,-1,"<9>秘密の言葉教えてほ</c><6>しい</c>"
00:02:27.555,00:02:27.822,-1,0,"<9>ひみつのことばおしえてほ</c><6>しい</c>"
00:02:27.822,00:02:28.055,-1,-1,"<9>秘密の言葉教えてほし</c><6>い</c>"
00:02:27.822,00:02:28.055,-1,0,"<9>ひみつのことばおしえてほし</c><6>い</c>"
00:02:28.055,00:02:29.190,-1,-1,"<9>秘密の言葉教えてほしい</c>"
00:02:28.055,00:02:29.190,-1,0,"<9>ひみつのことばおしえてほしい</c>"
00:02:29.190,00:02:29.457,-1,-1,"<1>が</c><6>んばれ私！いつも以上に</c>"
00:02:29.190,00:02:29.457,-1,0,"<1>が</c><6>んばれわたし！いつもいじょうに</c>"
00:02:29.457,00:02:29.723,-1,-1,"<1>がん</c><6>ばれ私！いつも以上に</c>"
00:02:29.457,00:02:29.723,-1,0,"<1>がん</c><6>ばれわたし！いつもいじょうに</c>"
00:02:29.723,00:02:29.990,-1,-1,"<1>がんば</c><6>れ私！いつも以上に</c>"
00:02:29.723,00:02:29.990,-1,0,"<1>がんば</c><6>れわたし！いつもいじょうに</c>"
00:02:29.990,00:02:30.257,-1,-1,"<1>がんばれ</c><6>私！いつも以上に</c>"
00:02:29.990,00:02:30.257,-1,0,"<1>がんばれ</c><6>わたし！いつもいじょうに</c>"
00:02:30.257,00:02:31.358,-1,-1,"<1>がんばれ私！</c><6>いつも以上に</c>"
00:02:30.257,00:02:30.558,-1,0,"<1>がんばれわ</c><6>たし！いつもいじょうに</c>"
00:02:30.558,00:02:30.825,-1,0,"<1>がんばれわた</c><6>し！いつもいじょうに</c>"
00:02:30.825,00:02:31.358,-1,0,"<1>がんばれわたし！</c><6>いつもいじょうに</c>"
00:02:31.358,00:02:31.592,-1,-1,"<1>がんばれ私！い</c><6>つも以上に</c>"
00:02:31.358,00:02:31.592,-1,0,"<1>がんばれわたし！い</c><6>つもいじょうに</c>"
00:02:31.592,00:02:31.926,-1,-1,"<1>がんばれ私！いつ</c><6>も以上に</c>"
00:02:31.592,00:02:31.926,-1,0,"<1>がんばれわたし！いつ</c><6>もいじょうに</c>"
00:02:31.926,00:02:32.159,-1,-1,"<1>がんばれ私！いつも</c><6>以上に</c>"
00:02:31.926,00:02:32.159,-1,0,"<1>がんばれわたし！いつも</c><6>いじょうに</c>"
00:02:32.159,00:02:32.460,-1,-1,"<1>がんばれ私！いつも以</c><6>上に</c>"
00:02:32.159,00:02:32.460,-1,0,"<1>がんばれわたし！いつもい</c><6>じょうに</c>"
00:02:32.460,00:02:32.726,-1,-1,"<1>がんばれ私！いつも以上</c><6>に</c>"
00:02:32.460,00:02:32.726,-1,0,"<1>がんばれわたし！いつもいじょ</c><6>うに</c>"
00:02:32.726,00:02:33.027,-1,-1,"<1>がんばれ私！いつも以上</c><6>に</c>"
00:02:32.726,00:02:33.027,-1,0,"<1>がんばれわたし！いつもいじょう</c><6>に</c>"
00:02:33.027,00:02:33.561,-1,-1,"<1>がんばれ私！いつも以上に</c>"
00:02:33.027,00:02:33.561,-1,0,"<1>がんばれわたし！いつもいじょうに</c>"
00:02:33.561,00:02:33.861,-1,-1,"<1>今日</c><6>も明日も世界は回る</c>"
00:02:33.561,00:02:33.861,-1,0,"<1>きょ</c><6>うもあしたもせかいはまわる</c>"
00:02:33.861,00:02:34.128,-1,-1,"<1>今日</c><6>も明日も世界は回る</c>"
00:02:33.861,00:02:34.128,-1,0,"<1>きょう</c><6>もあしたもせかいはまわる</c>"
00:02:34.128,00:02:34.361,-1,-1,"<1>今日も</c><6>明日も世界は回る</c>"
00:02:34.128,00:02:34.361,-1,0,"<1>きょうも</c><6>あしたもせかいはまわる</c>"
00:02:34.361,00:02:34.628,-1,-1,"<1>今日も明日</c><6>も世界は回る</c>"
00:02:34.361,00:02:34.628,-1,0,"<1>きょうもあ</c><6>したもせかいはまわる</c>"
00:02:34.628,00:02:34.929,-1,-1,"<1>今日も明日</c><6>も世界は回る</c>"
00:02:34.628,00:02:34.929,-1,0,"<1>きょうもあし</c><6>たもせかいはまわる</c>"
00:02:34.929,00:02:35.196,-1,-1,"<1>今日も明日</c><6>も世界は回る</c>"
00:02:34.929,00:02:35.196,-1,0,"<1>きょうもあした</c><6>もせかいはまわる</c>"
00:02:35.196,00:02:35.396,-1,-1,"<1>今日も明日も</c><6>世界は回る</c>"
00:02:35.196,00:02:35.396,-1,0,"<1>きょうもあしたも</c><6>せかいはまわる</c>"
00:02:35.396,00:02:35.629,-1,-1,"<1>今日も明日も世</c><6>界は回る</c>"
00:02:35.396,00:02:35.629,-1,0,"<1>きょうもあしたもせ</c><6>かいはまわる</c>"
00:02:35.629,00:02:35.729,-1,-1,"<1>今日も明日も世界</c><6>は回る</c>"
00:02:35.629,00:02:35.729,-1,0,"<1>きょうもあしたもせか</c><6>いはまわる</c>"
00:02:35.729,00:02:35.996,-1,-1,"<1>今日も明日も世界</c><6>は回る</c>"
00:02:35.729,00:02:35.996,-1,0,"<1>きょうもあしたもせかい</c><6>はまわる</c>"
00:02:35.996,00:02:36.263,-1,-1,"<1>今日も明日も世界は</c><6>回る</c>"
00:02:35.996,00:02:36.263,-1,0,"<1>きょうもあしたもせかいは</c><6>まわる</c>"
00:02:36.263,00:02:36.564,-1,-1,"<1>今日も明日も世界は回</c><6>る</c>"
00:02:36.263,00:02:36.564,-1,0,"<1>きょうもあしたもせかいはま</c><6>わる</c>"
00:02:36.564,00:02:36.831,-1,-1,"<1>今日も明日も世界は回</c><6>る</c>"
00:02:36.564,00:02:36.831,-1,0,"<1>きょうもあしたもせかいはまわ</c><6>る</c>"
00:02:36.831,00:02:37.930,-1,-1,"<1>今日も明日も世界は回る</c>"
00:02:36.831,00:02:37.930,-1,0,"<1>きょうもあしたもせかいはまわる</c>"
00:02:55.616,00:02:55.916,-1,-1,"<5>ずっ</c><6>とこれからも大好きな皆と</c>"
00:02:55.616,00:02:55.916,-1,0,"<5>ずっ</c><6>とこれからもだいすきなみんなと</c>"
00:02:55.916,00:02:56.217,-1,-1,"<5>ずっと</c><6>これからも大好きな皆と</c>"
00:02:55.916,00:02:56.217,-1,0,"<5>ずっと</c><6>これからもだいすきなみんなと</c>"
00:02:56.217,00:02:56.317,-1,-1,"<5>ずっとこ</c><6>れからも大好きな皆と</c>"
00:02:56.217,00:02:56.317,-1,0,"<5>ずっとこ</c><6>れからもだいすきなみんなと</c>"
00:02:56.317,00:02:56.450,-1,-1,"<5>ずっとこれ</c><6>からも大好きな皆と</c>"
00:02:56.317,00:02:56.450,-1,0,"<5>ずっとこれ</c><6>からもだいすきなみんなと</c>"
00:02:56.450,00:02:56.717,-1,-1,"<5>ずっとこれか</c><6>らも大好きな皆と</c>"
00:02:56.450,00:02:56.717,-1,0,"<5>ずっとこれか</c><6>らもだいすきなみんなと</c>"
00:02:56.717,00:02:56.984,-1,-1,"<5>ずっとこれから</c><6>も大好きな皆と</c>"
00:02:56.717,00:02:56.984,-1,0,"<5>ずっとこれから</c><6>もだいすきなみんなと</c>"
00:02:56.984,00:02:57.785,-1,-1,"<5>ずっとこれからも</c><6>大好きな皆と</c>"
00:02:56.984,00:02:57.785,-1,0,"<5>ずっとこれからも</c><6>だいすきなみんなと</c>"
00:02:57.785,00:02:57.985,-1,-1,"<5>ずっとこれからも大</c><6>好きな皆と</c>"
00:02:57.785,00:02:57.985,-1,0,"<5>ずっとこれからもだ</c><6>いすきなみんなと</c>"
00:02:57.985,00:02:58.085,-1,-1,"<5>ずっとこれからも大</c><6>好きな皆と</c>"
00:02:57.985,00:02:58.085,-1,0,"<5>ずっとこれからもだい</c><6>すきなみんなと</c>"
00:02:58.085,00:02:58.285,-1,-1,"<5>ずっとこれからも大好</c><6>きな皆と</c>"
00:02:58.085,00:02:58.285,-1,0,"<5>ずっとこれからもだいす</c><6>きなみんなと</c>"
00:02:58.285,00:02:58.385,-1,-1,"<5>ずっとこれからも大好き</c><6>な皆と</c>"
00:02:58.285,00:02:58.385,-1,0,"<5>ずっとこれからもだいすき</c><6>なみんなと</c>"
00:02:58.385,00:02:58.652,-1,-1,"<5>ずっとこれからも大好きな</c><6>皆と</c>"
00:02:58.385,00:02:58.652,-1,0,"<5>ずっとこれからもだいすきな</c><6>みんなと</c>"
00:02:58.652,00:02:58.819,-1,-1,"<5>ずっとこれからも大好きな皆</c><6>と</c>"
00:02:58.652,00:02:58.819,-1,0,"<5>ずっとこれからもだいすきなみ</c><6>んなと</c>"
00:02:58.819,00:02:58.886,-1,-1,"<5>ずっとこれからも大好きな皆</c><6>と</c>"
00:02:58.819,00:02:58.886,-1,0,"<5>ずっとこれからもだいすきなみん</c><6>なと</c>"
00:02:58.886,00:02:59.186,-1,-1,"<5>ずっとこれからも大好きな皆</c><6>と</c>"
00:02:58.886,00:02:59.186,-1,0,"<5>ずっとこれからもだいすきなみんな</c><6>と</c>"
00:02:59.186,00:02:59.987,-1,-1,"<5>ずっとこれからも大好きな皆と</c>"
00:02:59.186,00:02:59.987,-1,0,"<5>ずっとこれからもだいすきなみんなと</c>"
00:02:59.987,00:03:00.187,-1,-1,"<5>ケ</c><6>ンカしたり仲直りしたりもっと</c>"
00:02:59.987,00:03:00.187,-1,0,"<5>け</c><6>んかしたりなかなおりしたりもっと</c>"
00:03:00.187,00:03:00.287,-1,-1,"<5>ケン</c><6>カしたり仲直りしたりもっと</c>"
00:03:00.187,00:03:00.287,-1,0,"<5>けん</c><6>かしたりなかなおりしたりもっと</c>"
00:03:00.287,00:03:00.454,-1,-1,"<5>ケンカ</c><6>したり仲直りしたりもっと</c>"
00:03:00.287,00:03:00.454,-1,0,"<5>けんか</c><6>したりなかなおりしたりもっと</c>"
00:03:00.454,00:03:00.554,-1,-1,"<5>ケンカし</c><6>たり仲直りしたりもっと</c>"
00:03:00.454,00:03:00.554,-1,0,"<5>けんかし</c><6>たりなかなおりしたりもっと</c>"
00:03:00.554,00:03:00.721,-1,-1,"<5>ケンカした</c><6>り仲直りしたりもっと</c>"
00:03:00.554,00:03:00.721,-1,0,"<5>けんかした</c><6>りなかなおりしたりもっと</c>"
00:03:00.721,00:03:00.821,-1,-1,"<5>ケンカしたり</c><6>仲直りしたりもっと</c>"
00:03:00.721,00:03:00.821,-1,0,"<5>けんかしたり</c><6>なかなおりしたりもっと</c>"
00:03:00.821,00:03:00.988,-1,-1,"<5>ケンカしたり仲</c><6>直りしたりもっと</c>"
00:03:00.821,00:03:00.988,-1,0,"<5>けんかしたりな</c><6>かなおりしたりもっと</c>"
00:03:00.988,00:03:01.088,-1,-1,"<5>ケンカしたり仲</c><6>直りしたりもっと</c>"
00:03:00.988,00:03:01.088,-1,0,"<5>けんかしたりなか</c><6>なおりしたりもっと</c>"
00:03:01.088,00:03:01.222,-1,-1,"<5>ケンカしたり仲直</c><6>りしたりもっと</c>"
00:03:01.088,00:03:01.222,-1,0,"<5>けんかしたりなかな</c><6>おりしたりもっと</c>"
00:03:01.222,00:03:01.355,-1,-1,"<5>ケンカしたり仲直</c><6>りしたりもっと</c>"
00:03:01.222,00:03:01.355,-1,0,"<5>けんかしたりなかなお</c><6>りしたりもっと</c>"
00:03:01.355,00:03:01.522,-1,-1,"<5>ケンカしたり仲直り</c><6>したりもっと</c>"
00:03:01.355,00:03:01.522,-1,0,"<5>けんかしたりなかなおり</c><6>したりもっと</c>"
00:03:01.522,00:03:01.655,-1,-1,"<5>ケンカしたり仲直りし</c><6>たりもっと</c>"
00:03:01.522,00:03:01.655,-1,0,"<5>けんかしたりなかなおりし</c><6>たりもっと</c>"
00:03:01.655,00:03:01.822,-1,-1,"<5>ケンカしたり仲直りした</c><6>りもっと</c>"
00:03:01.655,00:03:01.822,-1,0,"<5>けんかしたりなかなおりした</c><6>りもっと</c>"
00:03:01.822,00:03:01.889,-1,-1,"<5>ケンカしたり仲直りしたり</c><6>もっと</c>"
00:03:01.822,00:03:01.889,-1,0,"<5>けんかしたりなかなおりしたり</c><6>もっと</c>"
00:03:01.889,00:03:02.423,-1,-1,"<5>ケンカしたり仲直りしたりもっ</c><6>と</c>"
00:03:01.889,00:03:02.423,-1,0,"<5>けんかしたりなかなおりしたりもっ</c><6>と</c>"
00:03:02.423,00:03:02.990,-1,-1,"<5>ケンカしたり仲直りしたりもっと</c>"
00:03:02.423,00:03:02.990,-1,0,"<5>けんかしたりなかなおりしたりもっと</c>"
00:03:02.990,00:03:03.524,-1,-1,"<3>もっ</c><6>と</c>"
00:03:02.990,00:03:03.524,-1,0,"<3>もっ</c><6>と</c>"
00:03:03.524,00:03:04.090,-1,-1,"<3>もっと</c>"
00:03:03.524,00:03:04.090,-1,0,"<3>もっと</c>"
00:03:04.358,00:03:04.558,-1,-1,"<13>そ</c><6>んな平穏が続いていけば</c>"
00:03:04.358,00:03:04.558,-1,0,"<13>そ</c><6>んなへいおんがつづいていけば</c>"
00:03:04.558,00:03:04.658,-1,-1,"<13>そん</c><6>な平穏が続いていけば</c>"
00:03:04.558,00:03:04.658,-1,0,"<13>そん</c><6>なへいおんがつづいていけば</c>"
00:03:04.658,00:03:04.892,-1,-1,"<13>そんな</c><6>平穏が続いていけば</c>"
00:03:04.658,00:03:04.892,-1,0,"<13>そんな</c><6>へいおんがつづいていけば</c>"
00:03:04.892,00:03:05.092,-1,-1,"<13>そんな平</c><6>穏が続いていけば</c>"
00:03:04.892,00:03:05.092,-1,0,"<13>そんなへ</c><6>いおんがつづいていけば</c>"
00:03:05.092,00:03:05.192,-1,-1,"<13>そんな平</c><6>穏が続いていけば</c>"
00:03:05.092,00:03:05.192,-1,0,"<13>そんなへい</c><6>おんがつづいていけば</c>"
00:03:05.192,00:03:05.459,-1,-1,"<13>そんな平穏</c><6>が続いていけば</c>"
00:03:05.192,00:03:05.459,-1,0,"<13>そんなへいお</c><6>んがつづいていけば</c>"
00:03:05.459,00:03:05.726,-1,-1,"<13>そんな平穏</c><6>が続いていけば</c>"
00:03:05.459,00:03:05.726,-1,0,"<13>そんなへいおん</c><6>がつづいていけば</c>"
00:03:05.726,00:03:06.560,-1,-1,"<13>そんな平穏が</c><6>続いていけば</c>"
00:03:05.726,00:03:06.560,-1,0,"<13>そんなへいおんが</c><6>つづいていけば</c>"
00:03:06.560,00:03:06.827,-1,-1,"<13>そんな平穏が続</c><6>いていけば</c>"
00:03:06.560,00:03:06.827,-1,0,"<13>そんなへいおんがつ</c><6>づいていけば</c>"
00:03:06.827,00:03:07.094,-1,-1,"<13>そんな平穏が続</c><6>いていけば</c>"
00:03:06.827,00:03:07.094,-1,0,"<13>そんなへいおんがつづ</c><6>いていけば</c>"
00:03:07.094,00:03:07.394,-1,-1,"<13>そんな平穏が続い</c><6>ていけば</c>"
00:03:07.094,00:03:07.394,-1,0,"<13>そんなへいおんがつづい</c><6>ていけば</c>"
00:03:07.394,00:03:07.661,-1,-1,"<13>そんな平穏が続いて</c><6>いけば</c>"
00:03:07.394,00:03:07.661,-1,0,"<13>そんなへいおんがつづいて</c><6>いけば</c>"
00:03:07.661,00:03:07.928,-1,-1,"<13>そんな平穏が続いてい</c><6>けば</c>"
00:03:07.661,00:03:07.928,-1,0,"<13>そんなへいおんがつづいてい</c><6>けば</c>"
00:03:07.928,00:03:08.462,-1,-1,"<13>そんな平穏が続いていけ</c><6>ば</c>"
00:03:07.928,00:03:08.462,-1,0,"<13>そんなへいおんがつづいていけ</c><6>ば</c>"
00:03:08.462,00:03:10.730,-1,-1,"<13>そんな平穏が続いていけば</c>"
00:03:08.462,00:03:10.730,-1,0,"<13>そんなへいおんがつづいていけば</c>"
00:03:11.165,00:03:11.732,-1,-1,"<17>い</c><6>いな</c>"
00:03:11.165,00:03:11.732,-1,0,"<17>い</c><6>いな</c>"
00:03:11.732,00:03:12.266,-1,-1,"<17>いい</c><6>な</c>"
00:03:11.732,00:03:12.266,-1,0,"<17>いい</c><6>な</c>"
00:03:12.266,00:03:12.800,-1,-1,"<17>いいな</c>"
00:03:12.266,00:03:12.800,-1,0,"<17>いいな</c>"
00:03:12.800,00:03:13.067,-1,-1,"<13>文</c><6>字だと単純に</c>"
00:03:12.800,00:03:13.067,-1,0,"<13>も</c><6>じだとたんじゅんに</c>"
00:03:13.067,00:03:13.367,-1,-1,"<13>文字</c><6>だと単純に</c>"
00:03:13.067,00:03:13.367,-1,0,"<13>もじ</c><6>だとたんじゅんに</c>"
00:03:13.367,00:03:13.634,-1,-1,"<13>文字だ</c><6>と単純に</c>"
00:03:13.367,00:03:13.634,-1,0,"<13>もじだ</c><6>とたんじゅんに</c>"
00:03:13.634,00:03:13.901,-1,-1,"<13>文字だと</c><6>単純に</c>"
00:03:13.634,00:03:13.901,-1,0,"<13>もじだと</c><6>たんじゅんに</c>"
00:03:13.901,00:03:14.101,-1,-1,"<13>文字だと単</c><6>純に</c>"
00:03:13.901,00:03:14.101,-1,0,"<13>もじだとた</c><6>んじゅんに</c>"
00:03:14.101,00:03:14.168,-1,-1,"<13>文字だと単</c><6>純に</c>"
00:03:14.101,00:03:14.168,-1,0,"<13>もじだとたん</c><6>じゅんに</c>"
00:03:14.168,00:03:14.368,-1,-1,"<13>文字だと単純</c><6>に</c>"
00:03:14.168,00:03:14.368,-1,0,"<13>もじだとたんじゅ</c><6>んに</c>"
00:03:14.368,00:03:14.468,-1,-1,"<13>文字だと単純</c><6>に</c>"
00:03:14.368,00:03:14.468,-1,0,"<13>もじだとたんじゅん</c><6>に</c>"
00:03:14.468,00:03:15.002,-1,-1,"<13>文字だと単純に</c>"
00:03:14.468,00:03:15.002,-1,0,"<13>もじだとたんじゅんに</c>"
00:03:15.002,00:03:15.269,-1,-1,"<13>なっ</c><6>ちゃいそうな感情は</c>"
00:03:15.002,00:03:15.269,-1,0,"<13>なっ</c><6>ちゃいそうなかんじょうは</c>"
00:03:15.269,00:03:15.436,-1,-1,"<13>なっちゃ</c><6>いそうな感情は</c>"
00:03:15.269,00:03:15.436,-1,0,"<13>なっちゃ</c><6>いそうなかんじょうは</c>"
00:03:15.436,00:03:15.569,-1,-1,"<13>なっちゃい</c><6>そうな感情は</c>"
00:03:15.436,00:03:15.569,-1,0,"<13>なっちゃい</c><6>そうなかんじょうは</c>"
00:03:15.569,00:03:15.703,-1,-1,"<13>なっちゃいそ</c><6>うな感情は</c>"
00:03:15.569,00:03:15.703,-1,0,"<13>なっちゃいそ</c><6>うなかんじょうは</c>"
00:03:15.703,00:03:15.836,-1,-1,"<13>なっちゃいそう</c><6>な感情は</c>"
00:03:15.703,00:03:15.836,-1,0,"<13>なっちゃいそう</c><6>なかんじょうは</c>"
00:03:15.836,00:03:16.070,-1,-1,"<13>なっちゃいそうな</c><6>感情は</c>"
00:03:15.836,00:03:16.070,-1,0,"<13>なっちゃいそうな</c><6>かんじょうは</c>"
00:03:16.070,00:03:16.270,-1,-1,"<13>なっちゃいそうな感</c><6>情は</c>"
00:03:16.070,00:03:16.270,-1,0,"<13>なっちゃいそうなか</c><6>んじょうは</c>"
00:03:16.270,00:03:16.370,-1,-1,"<13>なっちゃいそうな感</c><6>情は</c>"
00:03:16.270,00:03:16.370,-1,0,"<13>なっちゃいそうなかん</c><6>じょうは</c>"
00:03:16.370,00:03:16.570,-1,-1,"<13>なっちゃいそうな感情</c><6>は</c>"
00:03:16.370,00:03:16.570,-1,0,"<13>なっちゃいそうなかんじょ</c><6>うは</c>"
00:03:16.570,00:03:16.637,-1,-1,"<13>なっちゃいそうな感情</c><6>は</c>"
00:03:16.570,00:03:16.637,-1,0,"<13>なっちゃいそうなかんじょう</c><6>は</c>"
00:03:16.637,00:03:17.204,-1,-1,"<13>なっちゃいそうな感情は</c>"
00:03:16.637,00:03:17.204,-1,0,"<13>なっちゃいそうなかんじょうは</c>"
00:03:17.204,00:03:17.471,-1,-1,"<13>内</c><6>緒の魔法唱えてほしい？</c>"
00:03:17.204,00:03:17.471,-1,0,"<13>な</c><6>いしょのまほうとなえてほしい？</c>"
00:03:17.471,00:03:17.771,-1,-1,"<13>内</c><6>緒の魔法唱えてほしい？</c>"
00:03:17.471,00:03:17.771,-1,0,"<13>ない</c><6>しょのまほうとなえてほしい？</c>"
00:03:17.771,00:03:18.038,-1,-1,"<13>内緒</c><6>の魔法唱えてほしい？</c>"
00:03:17.771,00:03:18.038,-1,0,"<13>ないしょ</c><6>のまほうとなえてほしい？</c>"
00:03:18.038,00:03:18.272,-1,-1,"<13>内緒の</c><6>魔法唱えてほしい？</c>"
00:03:18.038,00:03:18.272,-1,0,"<13>ないしょの</c><6>まほうとなえてほしい？</c>"
00:03:18.272,00:03:18.572,-1,-1,"<13>内緒の魔</c><6>法唱えてほしい？</c>"
00:03:18.272,00:03:18.572,-1,0,"<13>ないしょのま</c><6>ほうとなえてほしい？</c>"
00:03:18.572,00:03:18.839,-1,-1,"<13>内緒の魔法</c><6>唱えてほしい？</c>"
00:03:18.572,00:03:18.839,-1,0,"<13>ないしょのまほ</c><6>うとなえてほしい？</c>"
00:03:18.839,00:03:19.106,-1,-1,"<13>内緒の魔法</c><6>唱えてほしい？</c>"
00:03:18.839,00:03:19.106,-1,0,"<13>ないしょのまほう</c><6>となえてほしい？</c>"
00:03:19.106,00:03:19.240,-1,-1,"<13>内緒の魔法唱</c><6>えてほしい？</c>"
00:03:19.106,00:03:19.240,-1,0,"<13>ないしょのまほうと</c><6>なえてほしい？</c>"
00:03:19.240,00:03:19.373,-1,-1,"<13>内緒の魔法唱</c><6>えてほしい？</c>"
00:03:19.240,00:03:19.373,-1,0,"<13>ないしょのまほうとな</c><6>えてほしい？</c>"
00:03:19.373,00:03:19.640,-1,-1,"<13>内緒の魔法唱え</c><6>てほしい？</c>"
00:03:19.373,00:03:19.640,-1,0,"<13>ないしょのまほうとなえ</c><6>てほしい？</c>"
00:03:19.640,00:03:19.907,-1,-1,"<13>内緒の魔法唱えて</c><6>ほしい？</c>"
00:03:19.640,00:03:19.907,-1,0,"<13>ないしょのまほうとなえて</c><6>ほしい？</c>"
00:03:19.907,00:03:20.207,-1,-1,"<13>内緒の魔法唱えてほ</c><6>しい？</c>"
00:03:19.907,00:03:20.207,-1,0,"<13>ないしょのまほうとなえてほ</c><6>しい？</c>"
00:03:20.207,00:03:20.441,-1,-1,"<13>内緒の魔法唱えてほし</c><6>い？</c>"
00:03:20.207,00:03:20.441,-1,0,"<13>ないしょのまほうとなえてほし</c><6>い？</c>"
00:03:20.441,00:03:21.542,-1,-1,"<13>内緒の魔法唱えてほしい？</c>"
00:03:20.441,00:03:21.542,-1,0,"<13>ないしょのまほうとなえてほしい？</c>"
00:03:21.542,00:03:21.809,-1,-1,"<13>が</c><6>んばれ私！時には大胆に</c>"
00:03:21.542,00:03:21.809,-1,0,"<13>が</c><6>んばれわたし！ときにはだいたんに</c>"
00:03:21.809,00:03:22.076,-1,-1,"<13>がん</c><6>ばれ私！時には大胆に</c>"
00:03:21.809,00:03:22.076,-1,0,"<13>がん</c><6>ばれわたし！ときにはだいたんに</c>"
00:03:22.076,00:03:22.376,-1,-1,"<13>がんば</c><6>れ私！時には大胆に</c>"
00:03:22.076,00:03:22.376,-1,0,"<13>がんば</c><6>れわたし！ときにはだいたんに</c>"
00:03:22.376,00:03:22.643,-1,-1,"<13>がんばれ</c><6>私！時には大胆に</c>"
00:03:22.376,00:03:22.643,-1,0,"<13>がんばれ</c><6>わたし！ときにはだいたんに</c>"
00:03:22.643,00:03:23.711,-1,-1,"<13>がんばれ私！</c><6>時には大胆に</c>"
00:03:22.643,00:03:22.910,-1,0,"<13>がんばれわ</c><6>たし！ときにはだいたんに</c>"
00:03:22.910,00:03:23.110,-1,0,"<13>がんばれわた</c><6>し！ときにはだいたんに</c>"
00:03:23.110,00:03:23.711,-1,0,"<13>がんばれわたし！</c><6>ときにはだいたんに</c>"
00:03:23.711,00:03:24.011,-1,-1,"<13>がんばれ私！時</c><6>には大胆に</c>"
00:03:23.711,00:03:24.011,-1,0,"<13>がんばれわたし！と</c><6>きにはだいたんに</c>"
00:03:24.011,00:03:24.278,-1,-1,"<13>がんばれ私！時</c><6>には大胆に</c>"
00:03:24.011,00:03:24.278,-1,0,"<13>がんばれわたし！とき</c><6>にはだいたんに</c>"
00:03:24.278,00:03:24.545,-1,-1,"<13>がんばれ私！時に</c><6>は大胆に</c>"
00:03:24.278,00:03:24.545,-1,0,"<13>がんばれわたし！ときに</c><6>はだいたんに</c>"
00:03:24.545,00:03:24.812,-1,-1,"<13>がんばれ私！時には</c><6>大胆に</c>"
00:03:24.545,00:03:24.812,-1,0,"<13>がんばれわたし！ときには</c><6>だいたんに</c>"
00:03:24.812,00:03:25.012,-1,-1,"<13>がんばれ私！時には大</c><6>胆に</c>"
00:03:24.812,00:03:25.012,-1,0,"<13>がんばれわたし！ときにはだ</c><6>いたんに</c>"
00:03:25.012,00:03:25.079,-1,-1,"<13>がんばれ私！時には大</c><6>胆に</c>"
00:03:25.012,00:03:25.079,-1,0,"<13>がんばれわたし！ときにはだい</c><6>たんに</c>"
00:03:25.079,00:03:25.312,-1,-1,"<13>がんばれ私！時には大胆</c><6>に</c>"
00:03:25.079,00:03:25.312,-1,0,"<13>がんばれわたし！ときにはだいた</c><6>んに</c>"
00:03:25.312,00:03:25.379,-1,-1,"<13>がんばれ私！時には大胆</c><6>に</c>"
00:03:25.312,00:03:25.379,-1,0,"<13>がんばれわたし！ときにはだいたん</c><6>に</c>"
00:03:25.379,00:03:25.880,-1,-1,"<13>がんばれ私！時には大胆に</c>"
00:03:25.379,00:03:25.880,-1,0,"<13>がんばれわたし！ときにはだいたんに</c>"
00:03:25.880,00:03:26.147,-1,-1,"<13>今日</c><6>も隣で世界を歩かせて</c>"
00:03:25.880,00:03:26.147,-1,0,"<13>きょ</c><6>うもとなりでせかいをあるかせて</c>"
00:03:26.147,00:03:26.413,-1,-1,"<13>今日</c><6>も隣で世界を歩かせて</c>"
00:03:26.147,00:03:26.413,-1,0,"<13>きょう</c><6>もとなりでせかいをあるかせて</c>"
00:03:26.413,00:03:26.714,-1,-1,"<13>今日も</c><6>隣で世界を歩かせて</c>"
00:03:26.413,00:03:26.714,-1,0,"<13>きょうも</c><6>となりでせかいをあるかせて</c>"
00:03:26.714,00:03:26.981,-1,-1,"<13>今日も隣</c><6>で世界を歩かせて</c>"
00:03:26.714,00:03:26.981,-1,0,"<13>きょうもと</c><6>なりでせかいをあるかせて</c>"
00:03:26.981,00:03:27.248,-1,-1,"<13>今日も隣</c><6>で世界を歩かせて</c>"
00:03:26.981,00:03:27.248,-1,0,"<13>きょうもとな</c><6>りでせかいをあるかせて</c>"
00:03:27.248,00:03:27.548,-1,-1,"<13>今日も隣</c><6>で世界を歩かせて</c>"
00:03:27.248,00:03:27.548,-1,0,"<13>きょうもとなり</c><6>でせかいをあるかせて</c>"
00:03:27.548,00:03:27.815,-1,-1,"<13>今日も隣で</c><6>世界を歩かせて</c>"
00:03:27.548,00:03:27.815,-1,0,"<13>きょうもとなりで</c><6>せかいをあるかせて</c>"
00:03:27.815,00:03:27.915,-1,-1,"<13>今日も隣で世</c><6>界を歩かせて</c>"
00:03:27.815,00:03:27.915,-1,0,"<13>きょうもとなりでせ</c><6>かいをあるかせて</c>"
00:03:27.915,00:03:28.082,-1,-1,"<13>今日も隣で世界</c><6>を歩かせて</c>"
00:03:27.915,00:03:28.082,-1,0,"<13>きょうもとなりでせか</c><6>いをあるかせて</c>"
00:03:28.082,00:03:28.349,-1,-1,"<13>今日も隣で世界</c><6>を歩かせて</c>"
00:03:28.082,00:03:28.349,-1,0,"<13>きょうもとなりでせかい</c><6>をあるかせて</c>"
00:03:28.349,00:03:28.616,-1,-1,"<13>今日も隣で世界を</c><6>歩かせて</c>"
00:03:28.349,00:03:28.616,-1,0,"<13>きょうもとなりでせかいを</c><6>あるかせて</c>"
00:03:28.616,00:03:28.782,-1,-1,"<13>今日も隣で世界を歩</c><6>かせて</c>"
00:03:28.616,00:03:28.782,-1,0,"<13>きょうもとなりでせかいをあ</c><6>るかせて</c>"
00:03:28.782,00:03:28.883,-1,-1,"<13>今日も隣で世界を歩</c><6>かせて</c>"
00:03:28.782,00:03:28.883,-1,0,"<13>きょうもとなりでせかいをある</c><6>かせて</c>"
00:03:28.883,00:03:29.016,-1,-1,"<13>今日も隣で世界を歩か</c><6>せて</c>"
00:03:28.883,00:03:29.016,-1,0,"<13>きょうもとなりでせかいをあるか</c><6>せて</c>"
00:03:29.016,00:03:29.183,-1,-1,"<13>今日も隣で世界を歩かせ</c><6>て</c>"
00:03:29.016,00:03:29.183,-1,0,"<13>きょうもとなりでせかいをあるかせ</c><6>て</c>"
00:03:29.183,00:03:29.749,-1,-1,"<13>今日も隣で世界を歩かせて</c>"
00:03:29.183,00:03:29.749,-1,0,"<13>きょうもとなりでせかいをあるかせて</c>"
00:03:30.284,00:03:30.551,-1,-1,"<15>世</c><6>界はなんて美しいんですか</c>"
00:03:30.284,00:03:30.551,-1,0,"<15>せ</c><6>かいはなんてうつくしいんですか</c>"
00:03:30.551,00:03:30.851,-1,-1,"<15>世界</c><6>はなんて美しいんですか</c>"
00:03:30.551,00:03:30.851,-1,0,"<15>せか</c><6>いはなんてうつくしいんですか</c>"
00:03:30.851,00:03:31.085,-1,-1,"<15>世界</c><6>はなんて美しいんですか</c>"
00:03:30.851,00:03:31.085,-1,0,"<15>せかい</c><6>はなんてうつくしいんですか</c>"
00:03:31.085,00:03:31.352,-1,-1,"<15>世界は</c><6>なんて美しいんですか</c>"
00:03:31.085,00:03:31.352,-1,0,"<15>せかいは</c><6>なんてうつくしいんですか</c>"
00:03:31.352,00:03:31.652,-1,-1,"<15>世界はな</c><6>んて美しいんですか</c>"
00:03:31.352,00:03:31.652,-1,0,"<15>せかいはな</c><6>んてうつくしいんですか</c>"
00:03:31.652,00:03:31.919,-1,-1,"<15>世界はなん</c><6>て美しいんですか</c>"
00:03:31.652,00:03:31.919,-1,0,"<15>せかいはなん</c><6>てうつくしいんですか</c>"
00:03:31.919,00:03:32.453,-1,-1,"<15>世界はなんて</c><6>美しいんですか</c>"
00:03:31.919,00:03:32.453,-1,0,"<15>せかいはなんて</c><6>うつくしいんですか</c>"
00:03:32.453,00:03:32.720,-1,-1,"<15>世界はなんて美</c><6>しいんですか</c>"
00:03:32.453,00:03:32.720,-1,0,"<15>せかいはなんてう</c><6>つくしいんですか</c>"
00:03:32.720,00:03:33.020,-1,-1,"<15>世界はなんて美</c><6>しいんですか</c>"
00:03:32.720,00:03:33.020,-1,0,"<15>せかいはなんてうつ</c><6>くしいんですか</c>"
00:03:33.020,00:03:33.287,-1,-1,"<15>世界はなんて美</c><6>しいんですか</c>"
00:03:33.020,00:03:33.287,-1,0,"<15>せかいはなんてうつく</c><6>しいんですか</c>"
00:03:33.287,00:03:33.554,-1,-1,"<15>世界はなんて美し</c><6>いんですか</c>"
00:03:33.287,00:03:33.554,-1,0,"<15>せかいはなんてうつくし</c><6>いんですか</c>"
00:03:33.554,00:03:33.754,-1,-1,"<15>世界はなんて美しい</c><6>んですか</c>"
00:03:33.554,00:03:33.754,-1,0,"<15>せかいはなんてうつくしい</c><6>んですか</c>"
00:03:33.754,00:03:33.821,-1,-1,"<15>世界はなんて美しいん</c><6>ですか</c>"
00:03:33.754,00:03:33.821,-1,0,"<15>せかいはなんてうつくしいん</c><6>ですか</c>"
00:03:33.821,00:03:33.988,-1,-1,"<15>世界はなんて美しいんで</c><6>すか</c>"
00:03:33.821,00:03:33.988,-1,0,"<15>せかいはなんてうつくしいんで</c><6>すか</c>"
00:03:33.988,00:03:34.121,-1,-1,"<15>世界はなんて美しいんです</c><6>か</c>"
00:03:33.988,00:03:34.121,-1,0,"<15>せかいはなんてうつくしいんです</c><6>か</c>"
00:03:34.121,00:03:34.622,-1,-1,"<15>世界はなんて美しいんですか</c>"
00:03:34.121,00:03:34.622,-1,0,"<15>せかいはなんてうつくしいんですか</c>"
00:03:34.622,00:03:34.889,-1,-1,"<10>秘</c><6>密の言葉教えてほしい</c>"
00:03:34.622,00:03:34.889,-1,0,"<10>ひ</c><6>みつのことばおしえてほしい</c>"
00:03:34.889,00:03:35.189,-1,-1,"<10>秘密</c><6>の言葉教えてほしい</c>"
00:03:34.889,00:03:35.189,-1,0,"<10>ひみ</c><6>つのことばおしえてほしい</c>"
00:03:35.189,00:03:35.456,-1,-1,"<10>秘密</c><6>の言葉教えてほしい</c>"
00:03:35.189,00:03:35.456,-1,0,"<10>ひみつ</c><6>のことばおしえてほしい</c>"
00:03:35.456,00:03:35.723,-1,-1,"<10>秘密の</c><6>言葉教えてほしい</c>"
00:03:35.456,00:03:35.723,-1,0,"<10>ひみつの</c><6>ことばおしえてほしい</c>"
00:03:35.723,00:03:35.990,-1,-1,"<10>秘密の言</c><6>葉教えてほしい</c>"
00:03:35.723,00:03:35.990,-1,0,"<10>ひみつのこ</c><6>とばおしえてほしい</c>"
00:03:35.990,00:03:36.290,-1,-1,"<10>秘密の言</c><6>葉教えてほしい</c>"
00:03:35.990,00:03:36.290,-1,0,"<10>ひみつのこと</c><6>ばおしえてほしい</c>"
00:03:36.290,00:03:36.557,-1,-1,"<10>秘密の言葉</c><6>教えてほしい</c>"
00:03:36.290,00:03:36.557,-1,0,"<10>ひみつのことば</c><6>おしえてほしい</c>"
00:03:36.557,00:03:36.724,-1,-1,"<10>秘密の言葉教</c><6>えてほしい</c>"
00:03:36.557,00:03:36.724,-1,0,"<10>ひみつのことばお</c><6>しえてほしい</c>"
00:03:36.724,00:03:36.824,-1,-1,"<10>秘密の言葉教</c><6>えてほしい</c>"
00:03:36.724,00:03:36.824,-1,0,"<10>ひみつのことばおし</c><6>えてほしい</c>"
00:03:36.824,00:03:37.091,-1,-1,"<10>秘密の言葉教え</c><6>てほしい</c>"
00:03:36.824,00:03:37.091,-1,0,"<10>ひみつのことばおしえ</c><6>てほしい</c>"
00:03:37.091,00:03:37.358,-1,-1,"<10>秘密の言葉教えて</c><6>ほしい</c>"
00:03:37.091,00:03:37.358,-1,0,"<10>ひみつのことばおしえて</c><6>ほしい</c>"
00:03:37.358,00:03:37.658,-1,-1,"<10>秘密の言葉教えてほ</c><6>しい</c>"
00:03:37.358,00:03:37.658,-1,0,"<10>ひみつのことばおしえてほ</c><6>しい</c>"
00:03:37.658,00:03:37.892,-1,-1,"<10>秘密の言葉教えてほし</c><6>い</c>"
00:03:37.658,00:03:37.892,-1,0,"<10>ひみつのことばおしえてほし</c><6>い</c>"
00:03:37.892,00:03:38.993,-1,-1,"<10>秘密の言葉教えてほしい</c>"
00:03:37.892,00:03:38.993,-1,0,"<10>ひみつのことばおしえてほしい</c>"
00:03:38.993,00:03:39.260,-1,-1,"<1>が</c><6>んばれ私！いつも以上に</c>"
00:03:38.993,00:03:39.260,-1,0,"<1>が</c><6>んばれわたし！いつもいじょうに</c>"
00:03:39.260,00:03:39.527,-1,-1,"<1>がん</c><6>ばれ私！いつも以上に</c>"
00:03:39.260,00:03:39.527,-1,0,"<1>がん</c><6>ばれわたし！いつもいじょうに</c>"
00:03:39.527,00:03:39.793,-1,-1,"<1>がんば</c><6>れ私！いつも以上に</c>"
00:03:39.527,00:03:39.793,-1,0,"<1>がんば</c><6>れわたし！いつもいじょうに</c>"
00:03:39.793,00:03:40.060,-1,-1,"<1>がんばれ</c><6>私！いつも以上に</c>"
00:03:39.793,00:03:40.060,-1,0,"<1>がんばれ</c><6>わたし！いつもいじょうに</c>"
00:03:40.060,00:03:41.162,-1,-1,"<1>がんばれ私！</c><6>いつも以上に</c>"
00:03:40.060,00:03:40.361,-1,0,"<1>がんばれわ</c><6>たし！いつもいじょうに</c>"
00:03:40.361,00:03:40.628,-1,0,"<1>がんばれわた</c><6>し！いつもいじょうに</c>"
00:03:40.628,00:03:41.162,-1,0,"<1>がんばれわたし！</c><6>いつもいじょうに</c>"
00:03:41.162,00:03:41.395,-1,-1,"<1>がんばれ私！い</c><6>つも以上に</c>"
00:03:41.162,00:03:41.395,-1,0,"<1>がんばれわたし！い</c><6>つもいじょうに</c>"
00:03:41.395,00:03:41.729,-1,-1,"<1>がんばれ私！いつ</c><6>も以上に</c>"
00:03:41.395,00:03:41.729,-1,0,"<1>がんばれわたし！いつ</c><6>もいじょうに</c>"
00:03:41.729,00:03:41.962,-1,-1,"<1>がんばれ私！いつも</c><6>以上に</c>"
00:03:41.729,00:03:41.962,-1,0,"<1>がんばれわたし！いつも</c><6>いじょうに</c>"
00:03:41.962,00:03:42.263,-1,-1,"<1>がんばれ私！いつも以</c><6>上に</c>"
00:03:41.962,00:03:42.263,-1,0,"<1>がんばれわたし！いつもい</c><6>じょうに</c>"
00:03:42.263,00:03:42.530,-1,-1,"<1>がんばれ私！いつも以上</c><6>に</c>"
00:03:42.263,00:03:42.530,-1,0,"<1>がんばれわたし！いつもいじょ</c><6>うに</c>"
00:03:42.530,00:03:42.830,-1,-1,"<1>がんばれ私！いつも以上</c><6>に</c>"
00:03:42.530,00:03:42.830,-1,0,"<1>がんばれわたし！いつもいじょう</c><6>に</c>"
00:03:42.830,00:03:43.364,-1,-1,"<1>がんばれ私！いつも以上に</c>"
00:03:42.830,00:03:43.364,-1,0,"<1>がんばれわたし！いつもいじょうに</c>"
00:03:43.364,00:03:43.664,-1,-1,"<5>今日</c><6>も明日も世界は回る</c>"
00:03:43.364,00:03:43.664,-1,0,"<5>きょ</c><6>うもあしたもせかいはまわる</c>"
00:03:43.664,00:03:43.931,-1,-1,"<5>今日</c><6>も明日も世界は回る</c>"
00:03:43.664,00:03:43.931,-1,0,"<5>きょう</c><6>もあしたもせかいはまわる</c>"
00:03:43.931,00:03:44.165,-1,-1,"<5>今日も</c><6>明日も世界は回る</c>"
00:03:43.931,00:03:44.165,-1,0,"<5>きょうも</c><6>あしたもせかいはまわる</c>"
00:03:44.165,00:03:44.431,-1,-1,"<5>今日も明日</c><6>も世界は回る</c>"
00:03:44.165,00:03:44.431,-1,0,"<5>きょうもあ</c><6>したもせかいはまわる</c>"
00:03:44.431,00:03:44.732,-1,-1,"<5>今日も明日</c><6>も世界は回る</c>"
00:03:44.431,00:03:44.732,-1,0,"<5>きょうもあし</c><6>たもせかいはまわる</c>"
00:03:44.732,00:03:44.999,-1,-1,"<5>今日も明日</c><6>も世界は回る</c>"
00:03:44.732,00:03:44.999,-1,0,"<5>きょうもあした</c><6>もせかいはまわる</c>"
00:03:44.999,00:03:45.232,-1,-1,"<5>今日も明日も</c><6>世界は回る</c>"
00:03:44.999,00:03:45.232,-1,0,"<5>きょうもあしたも</c><6>せかいはまわる</c>"
00:03:45.232,00:03:45.399,-1,-1,"<5>今日も明日も世</c><6>界は回る</c>"
00:03:45.232,00:03:45.399,-1,0,"<5>きょうもあしたもせ</c><6>かいはまわる</c>"
00:03:45.399,00:03:45.533,-1,-1,"<5>今日も明日も世界</c><6>は回る</c>"
00:03:45.399,00:03:45.533,-1,0,"<5>きょうもあしたもせか</c><6>いはまわる</c>"
00:03:45.533,00:03:45.799,-1,-1,"<5>今日も明日も世界</c><6>は回る</c>"
00:03:45.533,00:03:45.799,-1,0,"<5>きょうもあしたもせかい</c><6>はまわる</c>"
00:03:45.799,00:03:46.100,-1,-1,"<5>今日も明日も世界は</c><6>回る</c>"
00:03:45.799,00:03:46.100,-1,0,"<5>きょうもあしたもせかいは</c><6>まわる</c>"
00:03:46.100,00:03:46.333,-1,-1,"<5>今日も明日も世界は回</c><6>る</c>"
00:03:46.100,00:03:46.333,-1,0,"<5>きょうもあしたもせかいはま</c><6>わる</c>"
00:03:46.333,00:03:46.634,-1,-1,"<5>今日も明日も世界は回</c><6>る</c>"
00:03:46.333,00:03:46.634,-1,0,"<5>きょうもあしたもせかいはまわ</c><6>る</c>"
00:03:46.634,00:03:47.701,-1,-1,"<5>今日も明日も世界は回る</c>"
00:03:46.634,00:03:47.701,-1,0,"<5>きょうもあしたもせかいはまわる</c>"
00:03:47.701,00:03:47.968,-1,-1,"<1>今日</c><6>も皆と世界を歩く</c>"
00:03:47.701,00:03:47.968,-1,0,"<1>きょ</c><6>うもみんなとせかいをあるく</c>"
00:03:47.968,00:03:48.235,-1,-1,"<1>今日</c><6>も皆と世界を歩く</c>"
00:03:47.968,00:03:48.235,-1,0,"<1>きょう</c><6>もみんなとせかいをあるく</c>"
00:03:48.235,00:03:48.536,-1,-1,"<1>今日も</c><6>皆と世界を歩く</c>"
00:03:48.235,00:03:48.536,-1,0,"<1>きょうも</c><6>みんなとせかいをあるく</c>"
00:03:48.536,00:03:48.802,-1,-1,"<1>今日も皆</c><6>と世界を歩く</c>"
00:03:48.536,00:03:48.802,-1,0,"<1>きょうもみ</c><6>んなとせかいをあるく</c>"
00:03:48.802,00:03:49.103,-1,-1,"<1>今日も皆</c><6>と世界を歩く</c>"
00:03:48.802,00:03:49.103,-1,0,"<1>きょうもみん</c><6>なとせかいをあるく</c>"
00:03:49.103,00:03:49.370,-1,-1,"<1>今日も皆</c><6>と世界を歩く</c>"
00:03:49.103,00:03:49.370,-1,0,"<1>きょうもみんな</c><6>とせかいをあるく</c>"
00:03:49.370,00:03:49.637,-1,-1,"<1>今日も皆と</c><6>世界を歩く</c>"
00:03:49.370,00:03:49.637,-1,0,"<1>きょうもみんなと</c><6>せかいをあるく</c>"
00:03:49.637,00:03:49.770,-1,-1,"<1>今日も皆と</c><13>世</c><6>界を歩く</c>"
00:03:49.637,00:03:49.770,-1,0,"<1>きょうもみんなと</c><13>せ</c><6>かいをあるく</c>"
00:03:49.770,00:03:49.904,-1,-1,"<1>今日も皆と</c><13>世界</c><6>を歩く</c>"
00:03:49.770,00:03:49.904,-1,0,"<1>きょうもみんなと</c><13>せか</c><6>いをあるく</c>"
00:03:49.904,00:03:50.171,-1,-1,"<1>今日も皆と</c><13>世界</c><6>を歩く</c>"
00:03:49.904,00:03:50.171,-1,0,"<1>きょうもみんなと</c><13>せかい</c><6>をあるく</c>"
00:03:50.171,00:03:50.437,-1,-1,"<1>今日も皆と</c><13>世界を</c><6>歩く</c>"
00:03:50.171,00:03:50.437,-1,0,"<1>きょうもみんなと</c><13>せかいを</c><6>あるく</c>"
00:03:50.437,00:03:50.704,-1,-1,"<1>今日も皆と</c><13>世界を歩</c><6>く</c>"
00:03:50.437,00:03:50.704,-1,0,"<1>きょうもみんなと</c><13>せかいをあ</c><6>るく</c>"
00:03:50.704,00:03:50.971,-1,-1,"<1>今日も皆と</c><13>世界を歩</c><6>く</c>"
00:03:50.704,00:03:50.971,-1,0,"<1>きょうもみんなと</c><13>せかいをある</c><6>く</c>"
00:03:50.971,00:03:52.106,-1,-1,"<1>今日も皆と</c><13>世界を歩く</c>"
00:03:50.971,00:03:52.106,-1,0,"<1>きょうもみんなと</c><13>せかいをあるく</c>"
00:03:52.106,00:03:56.443,-1,0,"<12>ミックス:じゃんパイセン</c>"
00:03:56.443,00:04:00.814,-1,0,"<12>絵&amp;動画:ある</c>"
00:04:00.814,00:04:05.184,-1,0,"<12>お歌:角巻わため</c>"
00:04:08.722,00:04:12.158,-1,0,"<14>おわり♫</c>"
