Character,File Numbers
„ÄÖ,"{0, 4, 10, 11, 13, 17, 36, 41, 43, 44, 46, 54, 55, 57, 68, 69, 74, 90, 91}"
5,"{0, 3, 38, 39, 53, 58, 64}"
3,"{0, 4, 16, 19, 21, 26, 43, 53, 81}"
„ÄÄ,"{3, 6, 7, 9, 16, 19, 20, 23, 27, 28, 30, 32, 33, 34, 36, 38, 43, 44, 45, 46, 50, 62, 63, 66, 68, 76, 77, 80, 82, 86, 88, 89}"
6,{3}
1,"{4, 6, 9, 19, 21, 26, 39, 53, 58, 59, 64, 81, 86}"
2,"{4, 7, 15, 18, 19, 21, 26, 28, 29, 53, 54, 81}"
Ô®ë,{5}
Ôºë,{5}
0,"{6, 39, 58, 64, 71}"
7,"{7, 15, 18, 21, 28, 29}"
ÔΩû,"{12, 21, 36, 46, 50, 54, 79, 85}"
Ôºì,"{12, 30}"
‚ô´,{13}
‚àû,{14}
√ó,"{14, 19, 44, 57, 90}"
4,"{21, 38, 53, 71}"
‚ù§,"{21, 85}"
üåä,{21}
=,{21}
‚îÄ,"{31, 70}"
‚ºä,{40}
‚ºù,{40}
‚ºø,{40}
‚æí,{40}
‚Ω£,{40}
‚Ωâ,{40}
Ôºæ,{42}
ÔæÅ,{44}
ÔΩÆ,{44}
Ôæí,{44}
~,"{46, 60}"
‚ô™,"{50, 77}"
üëè,{53}
Œ±,"{66, 87}"
√§,{69}
‚òÜ,{77}
Ôºê,{83}
‚òÖ,{84}
Ôæû,{85}
Œµ,{87}
Œ∫,{87}
Œª,{87}
œå,{87}
Œ≥,{87}
Œø,{87}
œÖ,{87}
Œ¨,{87}
œÇ,{87}
Œ≤,{87}
ŒØ,{87}
ŒΩ,{87}
Œπ,{87}
Œ¥,{87}
Œ≠,{87}
Œº,{87}
œç,{87}
